Workbook

Sheet ยอดขายปีที่แล้ว
A1: ยอดขายรายคลัง|สาขา 1/2/2568 - 28/2/2568
A2: # | B2: คลัง|สาขา | C2: จำนวนรายการ | D2: ยอดขาย(บาท) | E2: ยอดขาย(%)
A3: 1 | B3: คลังสินค้า Yuedpao Online | C3: 112874 | D3: 39059198 | E3: 38.46%
A4: 2 | B4: Yuedpao สาขา Central เวสต์เกต | C4: 3618 | D4: 1825624.5 | E4: 1.8%
A5: 3 | B5: Yuedpao สาขา Central ลาดพร้าว | C5: 3489 | D5: 1698672 | E5: 1.67%
A6: 4 | B6: Yuedpao สาขา Future Park Rangsit ชั้น 3 | C6: 4052 | D6: 1688582.5 | E6: 1.66%
A7: 5 | B7: Yuedpao สาขา Fashion Island | C7: 3373 | D7: 1687356.5 | E7: 1.66%
A8: 6 | B8: Yuedpao สาขา Future Park Rangsit (Flagship store) | C8: 3210 | D8: 1624899.8 | E8: 1.6%
A9: 7 | B9: Yuedpao สาขา Central ขอนแก่น | C9: 3469 | D9: 1420659 | E9: 1.4%
A10: 8 | B10: Yuedpao สาขา Central พระราม 2 | C10: 3515 | D10: 1401769.2 | E10: 1.38%
A11: 9 | B11: Yuedpao สาขา Central หาดใหญ่ | C11: 3229 | D11: 1396363 | E11: 1.37%
A12: 10 | B12: Yuedpao สาขา The Mall บางกะปิ | C12: 2930 | D12: 1305153 | E12: 1.29%
A13: 11 | B13: Yuedpao สาขา Robinson บ่อวิน | C13: 2943 | D13: 1288663.5 | E13: 1.27%
A14: 12 | B14: Yuedpao สาขา Central สุราษฎร์ธานี | C14: 2960 | D14: 1262257.5 | E14: 1.24%
... A90: 88 | B90: คลังสินค้ารับคืน Yuedpao Online | C90: -1400 | D90: -417422.22 | E90: -0.41%
B92: Exported by | C92: janjoncj@gmail.com
B93: Date Time | C93: 4/3/2026 10:21+07:00

Sheet ยอดขายเดือนที่เแล้ว
A1: ยอดขายรายคลัง|สาขา 1/1/2569 - 31/1/2569
A2: # | B2: คลัง|สาขา | C2: จำนวนรายการ | D2: ยอดขาย(บาท) | E2: ยอดขาย(%)
A3: 1 | B3: คลังสินค้า Yuedpao Online | C3: 188622 | D3: 63798576 | E3: 42.5%
A4: 2 | B4: Yuedpao สาขา Central หาดใหญ่ | C4: 7663 | D4: 2719550.5 | E4: 1.81%
A5: 3 | B5: Yuedpao สาขา Future Park Rangsit (Flagship store) | C5: 4325 | D5: 2162196 | E5: 1.44%
A6: 4 | B6: Yuedpao สาขา Future Park Rangsit ชั้น 3 | C6: 4199 | D6: 2122760 | E6: 1.41%
A7: 5 | B7: Yuedpao สาขา Central ลาดพร้าว | C7: 4026 | D7: 2076950.5 | E7: 1.38%
A8: 6 | B8: Yuedpao สาขา Central เวสต์เกต | C8: 4036 | D8: 2064026 | E8: 1.38%
A9: 7 | B9: Yuedpao สาขา Central กระบี่ | C9: 3948 | D9: 1911703.5 | E9: 1.27%
A10: 8 | B10: Yuedpao สาขา Fashion Island | C10: 3704 | D10: 1883097.5 | E10: 1.25%
A11: 9 | B11: Yuedpao สาขา Central อุบลราชธานี | C11: 3517 | D11: 1740017.5 | E11: 1.16%
A12: 10 | B12: Yuedpao สาขา Central ปิ่นเกล้า | C12: 3590 | D12: 1658515.5 | E12: 1.1%
A13: 11 | B13: Yuedpao สาขา Central สุราษฎร์ธานี | C13: 3420 | D13: 1657555 | E13: 1.1%
A14: 12 | B14: Yuedpao สาขา The Mall บางแค | C14: 3186 | D14: 1587012.4 | E14: 1.06%
... A107: 105 | B107: คลังสินค้ารับคืน Yuedpao Online | C107: -3882 | D107: -1292284 | E107: -0.86%
B109: Exported by | C109: janjoncj@gmail.com
B110: Date Time | C110: 4/3/2026 10:19+07:00

Sheet ยอดขายปัจจุบัน
A1: ยอดขายรายคลัง|สาขา 1/2/2569 - 28/2/2569
A2: # | B2: คลัง|สาขา | C2: จำนวนรายการ | D2: ยอดขาย(บาท) | E2: ยอดขาย(%)
A3: 1 | B3: คลังสินค้า Yuedpao Online | C3: 250418 | D3: 84857273 | E3: 49.33% | H3: In Vat | I3: Ex Vat
A4: 2 | B4: Yuedpao สาขา Central หาดใหญ่ | C4: 6282 | D4: 2519620 | E4: 1.46% | F4: Yuedpao สาขา Central ระยอง | G4: {=_xlfn.XLOOKUP(F4,B:B,C:D,0,0)} -> 2478 | H4: 1286829.5 | I4: =H4*100/107 -> 1202644.4
A5: 3 | B5: Yuedpao สาขา Future Park Rangsit (Flagship store) | C5: 4120 | D5: 2127079.4 | E5: 1.24% | F5: Yuedpao สาขา Mega บางนา | G5: {=_xlfn.XLOOKUP(F5,B:B,C:D,0,0)} -> 1843 | H5: 982007.5 | I5: =H5*100/107 -> 917764.02
A6: 4 | B6: Yuedpao สาขา Central ลาดพร้าว | C6: 4333 | D6: 2090030.8 | E6: 1.21% | F6: Yuedpao สาขา MAYA เชียงใหม่ | G6: {=_xlfn.XLOOKUP(F6,B:B,C:D,0,0)} -> 3197 | H6: 1221787.5 | I6: =H6*100/107 -> 1141857.5
A7: 5 | B7: Yuedpao สาขา Central เวสต์เกต | C7: 3774 | D7: 2022108 | E7: 1.18% | F7: Yuedpao สาขา The Mall โคราช | G7: {=_xlfn.XLOOKUP(F7,B:B,C:D,0,0)} -> 1662 | H7: 784810.5 | I7: =H7*100/107 -> 733467.76
A8: 6 | B8: Yuedpao สาขา Central กระบี่ | C8: 3704 | D8: 1847713.5 | E8: 1.07% | F8: Yuedpao สาขา SIAM SQUARE | G8: {=_xlfn.XLOOKUP(F8,B:B,C:D,0,0)} -> 1757 | H8: 973986.2 | I8: =H8*100/107 -> 910267.48
A9: 7 | B9: Yuedpao สาขา Future Park Rangsit ชั้น 3 | C9: 3688 | D9: 1807232 | E9: 1.05% | F9: Yuedpao สาขา Robinson บุรีรัมย์ | G9: {=_xlfn.XLOOKUP(F9,B:B,C:D,0,0)} -> 1183 | H9: 575938 | I9: =H9*100/107 -> 538259.81
A10: 8 | B10: Yuedpao สาขา Fashion Island | C10: 3464 | D10: 1799497.9 | E10: 1.05% | F10: Yuedpao สาขา Central โคราช | G10: {=_xlfn.XLOOKUP(F10,B:B,C:D,0,0)} -> 1315 | H10: 610704.5 | I10: =H10*100/107 -> 570751.87
A11: 9 | B11: Yuedpao สาขา Central ปิ่นเกล้า | C11: 3737 | D11: 1737483.5 | E11: 1.01% | G11: {=_xlfn.XLOOKUP(F11,B:B,C:D,0,0)} -> 0 | H11: 0 | I11: =H11*100/107 -> 0
A12: 10 | B12: Yuedpao สาขา Central อุบลราชธานี | C12: 3263 | D12: 1668654 | E12: 0.97% | F12: Yuedpao สาขา Robinson ชลบุรี | G12: {=_xlfn.XLOOKUP(F12,B:B,C:D,0,0)} -> 2013 | H12: 920696.51 | I12: =H12*100/107 -> 860464.03
A13: 11 | B13: Yuedpao สาขา Central ขอนแก่น | C13: 3640 | D13: 1664499.2 | E13: 0.97% | F13: Yuedpao สาขา Central พัทยา | G13: {=_xlfn.XLOOKUP(F13,B:B,C:D,0,0)} -> 1252 | H13: 691868 | I13: =H13*100/107 -> 646605.61
A14: 12 | B14: Yuedpao สาขา The Mall บางแค | C14: 3162 | D14: 1579229.6 | E14: 0.92% | F14: Yuedpao สาขา Robinson แม่สอด | G14: {=_xlfn.XLOOKUP(F14,B:B,C:D,0,0)} -> 1408 | H14: 770581 | I14: =H14*100/107 -> 720169.16
A15: 13 | B15: Yuedpao สาขา The Mall บางกะปิ | C15: 3361 | D15: 1557003 | E15: 0.91% | F15: Yuedpao สาขา Future Park Rangsit ชั้น 3 | G15: {=_xlfn.XLOOKUP(F15,B:B,C:D,0,0)} -> 3688 | H15: 1807232 | I15: =H15*100/107 -> 1689001.9
A16: 14 | B16: Yuedpao สาขา Central สุราษฎร์ธานี | C16: 3265 | D16: 1549871.5 | E16: 0.9% | F16: Yuedpao สาขา Central ปิ่นเกล้า | G16: {=_xlfn.XLOOKUP(F16,B:B,C:D,0,0)} -> 3737 | H16: 1737483.5 | I16: =H16*100/107 -> 1623816.4
A17: 15 | B17: Yuedpao สาขา Robinson บ่อวิน | C17: 3229 | D17: 1527520 | E17: 0.89% | F17: Yuedpao สาขา Central Festival เชียงใหม่ | G17: {=_xlfn.XLOOKUP(F17,B:B,C:D,0,0)} -> 2259 | H17: 1159000.5 | I17: =H17*100/107 -> 1083178
A18: 16 | B18: Yuedpao สาขา Central พระราม 2 | C18: 3038 | D18: 1484213 | E18: 0.86% | F18: Yuedpao สาขา Big C อำนาจเจริญ | G18: {=_xlfn.XLOOKUP(F18,B:B,C:D,0,0)} -> 742 | H18: 384029.5 | I18: =H18*100/107 -> 358906.07
A19: 17 | B19: Yuedpao สาขา Central พิษณุโลก | C19: 2781 | D19: 1403772 | E19: 0.82% | F19: Yuedpao สาขา I am China Town | G19: {=_xlfn.XLOOKUP(F19,B:B,C:D,0,0)} -> 870 | H19: 396760.54 | I19: =H19*100/107 -> 370804.24
A20: 18 | B20: Yuedpao สาขา Robinson ถลาง ภูเก็ต | C20: 2630 | D20: 1391086 | E20: 0.81% | F20: Yuedpao สาขา Sermthai Complex มหาสารคาม | G20: {=_xlfn.XLOOKUP(F20,B:B,C:D,0,0)} -> 1705 | H20: 780394 | I20: =H20*100/107 -> 729340.19
A21: 19 | B21: Yuedpao สาขา Central ภูเก็ต | C21: 2689 | D21: 1363201.5 | E21: 0.79% | F21: Yuedpao สาขา Robinson กำแพงเพชร | G21: {=_xlfn.XLOOKUP(F21,B:B,C:D,0,0)} -> 0 | I21: =H21*100/107 -> 0
A22: 20 | B22: Yuedpao สาขา Central นครปฐม | C22: 2954 | D22: 1355399 | E22: 0.79%
A23: 21 | B23: Yuedpao สาขา Robinson ปราจีนบุรี | C23: 2576 | D23: 1329973 | E23: 0.77%
A24: 22 | B24: Yuedpao สาขา Central นครศรีธรรมราช | C24: 3017 | D24: 1324828 | E24: 0.77%
A25: 23 | B25: Yuedpao สาขา Central ระยอง | C25: 2478 | D25: 1286829.5 | E25: 0.75%
A26: 24 | B26: Yuedpao สาขา Central ศาลายา | C26: 2503 | D26: 1222613 | E26: 0.71%
A27: 25 | B27: Yuedpao สาขา MAYA เชียงใหม่ | C27: 3197 | D27: 1221787.5 | E27: 0.71%
A28: 26 | B28: Yuedpao สาขา Seacon Square ศรีนครินทร์ | C28: 2574 | D28: 1204375.5 | E28: 0.7%
A29: 27 | B29: Yuedpao สาขา Robinson ฉะเชิงเทรา | C29: 2256 | D29: 1199059 | E29: 0.7%
A30: 28 | B30: Yuedpao สาขา Robinson สระบุรี | C30: 2460 | D30: 1196967.3 | E30: 0.7%
A31: 29 | B31: Yuedpao สาขา Central อยุธยา | C31: 2414 | D31: 1180213.5 | E31: 0.69%
A32: 30 | B32: คลังลูกค้าส่ง Yuedpao | C32: 53 | D32: 1174800 | E32: 0.68%
A33: 31 | B33: Yuedpao สาขา Central Festival เชียงใหม่ | C33: 2259 | D33: 1159000.5 | E33: 0.67%
... A112: 110 | B112: คลังสินค้ารับคืน Yuedpao Online | C112: -4778 | D112: -1543509.5 | E112: -0.9%
B114: Exported by | C114: janjoncj@gmail.com
B115: Date Time | C115: 4/3/2026 10:17+07:00

Sheet year
B2: Performance group area
B3: KPI | C3: TARGET | D3: ปี 2025
D4: JAN | H4: FEB | L4: MAR | P4: APR | T4: MAY | X4: JUN | AB4: JUL | AF4: AUG | AJ4: SEP | AN4: OCT | AR4: NOV | AV4: DEC
D5: Ex.V7% | E5: %Target | F5: YoY | G5: Mom | H5: Ex.V7% | I5: %Target | J5: YoY | K5: Mom | L5: Ex.V7% | M5: %Target | N5: YoY | O5: Mom | P5: Ex.V7% | Q5: %Target | R5: YoY | S5: Mom | T5: Ex.V7% | U5: %Target | V5: YoY | W5: Mom | X5: Ex.V7% | Y5: %Target | Z5: YoY | AA5: Mom | AB5: Ex.V7% | AC5: %Target | AD5: YoY | AE5: Mom | AF5: Ex.V7% | AG5: %Target | AH5: YoY | AI5: Mom | AJ5: Ex.V7% | AK5: %Target | AL5: YoY | AM5: Mom | AN5: Ex.V7% | AO5: %Target | AP5: YoY | AQ5: Mom | AR5: Ex.V7% | AS5: %Target | AT5: YoY | AU5: Mom | AV5: Ex.V7% | AW5: %Target | AX5: YoY | AY5: Mom
B6: SALE OUT
B7: ALV SALE DAY | C7: 750000
B8: WEEK DAY | C8: 800000
B9: WEEK END | C9: 1000000
B10: ALV SALE | C10: 419
B11: STK HOLDING | C11: 1.00
B12: SURVAY | C12: 0.1
B13: MEMBER | C13: 0.1
B14: COMPLAIN | C14: 0
B15: CONVERSION | C15: 0.35
B16: INTERACTION | C16: 0.75
B17: GREETING | C17: 0.95
B18: ON TIME GREETING | C18: 0.7
B19: MANPOWER

Sheet Performance
B2: Performance group area
B3: KPI | C3: TARGET | D3: =Report!E1 -> 01-28 FEB 2026 | F3: ACHIEVE | G3: เปรียบเทียบปี | H3: เปรียบเทียบเดือน | J3: เปรียบเทียบสัปดาห์
D4: In Vat7% | E4: Ex Vat7%
B5: SALE OUT | C5: =Report!C21 -> 14900000 | D5: =Report!E21 -> 15084109 | E5: =Report!F21 -> 14097298 | F5: =E5/C5 -> 0.94612741 | G5: =Report!AD21 -> 0.66875025 | H5: =Report!AI21 -> -0.043029498 | J5: =Report!AP21 -> 0.10990775
B6: SALE OUT ESTIMATE | C6: =C5 -> 14900000 | D6: =Report!AW21 -> 13618716 | E6: =Report!AW20 -> 12727772 | F6: =Report!AX20 -> 1.0141651 | G6: =Report!AD20 -> 0.26563624 | H6: =Report!AI20 -> -0.049025037 | J6: =Report!AP20 -> 0.096931463
B7: ALV SALE DAY | C7: =C5/22 -> 677272.73 | D7: =E5/22 -> 640786.29 | F7: =D7/C7 -> 0.94612741
B8: WEEK DAY | C8: 600000 | D8: ='Week day&Week end'!AD21 -> 436239.44 | F8: =D8/C8 -> 0.72706573
B9: WEEK END | C9: 1000000 | D9: ='Week day&Week end'!AB21 -> 794895.07 | F9: =D9/C9 -> 0.79489507
B10: ALV SALE | C10: 423 | D10: =Report!H21 -> 491.79579 | F10: =Report!J21 -> 0.1398869
B11: STK HOLDING | C11: ='STK-เดือน.'!D20 -> 16295000 | D11: ='STK-เดือน.'!F20 -> 23804152 | F11: ='STK-เดือน.'!H20 -> 1.4608255
B12: SURVAY | C12: 0.1 | D12: ='Survay Member '!E21 -> 2956 | F12: ='Survay Member '!G21 -> 0.10558651
B13: MEMBER | C13: 0.1 | D13: ='Survay Member '!I21 -> 0 | F13: ='Survay Member '!K21 -> 0
B14: COMPLAIN | D14: 0 | H14: WoW | J14: MoM
B15: CONVERSION | C15: 0.35 | D15: 0.3116 | F15: =D15-C15 -> -0.0384 | H15: 0.3252 | I15: +1.57% | J15: 0.2917 | K15: =D15-J15 -> 0.0199
B16: INTERACTION | C16: 0.75 | D16: 0.7823 | F16: =D16-C16 -> 0.0323 | H16: 0.8186 | I16: +3.94% | J16: 0.7941 | K16: =D16-J16 -> -0.0118
B17: GREETING | C17: 0.95 | D17: 0.9199 | F17: =D17-C17 -> -0.0301 | H17: 0.9384 | I17: +2.54% | J17: 0.9336 | K17: =D17-J17 -> -0.0137
B18: ON TIME GREETING | C18: 0.7 | D18: 0.6599 | F18: =D18-C18 -> -0.0401 | H18: 0.6958 | I18: +4.92% | J18: 0.6948 | K18: =D18-J18 -> -0.0349
B19: MANPOWER | C19: 16/47 | D19: =MANPOWER!G20 -> 42 | F19: =D19/47 -> 0.89361702

Sheet Report
B1: TARGET +V7% | C1: TARGET | D1: TARGET | E1: 01-28 FEB 2026 | H1: AVE SALE / INV | I1: SALE INV Standard | J1: DIFT | K1: AVE SALE / DAY | L1: % TARGET | M1: Sale Estimate | N1: ขาดอีก ต่อวัน | X1: MIX SALE GROUP AREA | Y1: MIX SALE ALL GROUP | Z1: เปรียบเทียบรายปี | AE1: เปรียบเทียบรายเดือน | AJ1: เปรียบเทียบรายสัปดาห์ | AQ1: REMARK | AS1: SHOP | AT1: SALE OUT ESTIMATE | AY1: SALE OUT ESTIMATE +50%
A2: SHOP | B2: 1 | C2: 1 | D2: TO DAY | E2: ก่อนหัก VAT | F2: หลังหัก VAT | G2: IVN. | N2: คงเหลือ | O2: คงเหลือ/วัน | P2: achieve 100% | Q2: AVL Sale | R2: Estimate | S2: Achieve | T2: คงเหลือ 110 | U2: achieve 110% | V2: คงเหลือ 120 | W2: achieve 120% | Z2: 2023 | AA2: 2024 | AB2: 2025 | AC2: DIFT | AE2: SALE +7% | AF2: JAN'2026 | AG2: FEB'2026 | AH2: DIFT | AJ2: 26-01 | AK2: 02-08 | AL2: 09-15 | AM2: 16-22 | AN2: 23-01 | AO2: DIFT | AT2: Target | AU2: ยอดขาย | AV2: ยอดขายเฉลี่ยนต่อวัน | AW2: Sale Estimate | AX2: %Target | AY2: ยอดขายเฉลี่ยนต่อวัน | AZ2: Sale Estimate | BA2: %Target
A3: Yuedpao สาขา Mega บางนา | B3: =(C3*7)/100+C3 -> 963000 | C3: =_xlfn.XLOOKUP(A3,'Target ปี 2026'!B:B,'Target ปี 2026'!C:C,0,0) -> 900000 | D3: =C3/30 -> 30000 | E3: =_xlfn.XLOOKUP(A3,ยอดขายปัจจุบัน!B:B,ยอดขายปัจจุบัน!D:D,0,0) -> 982007.5 | F3: =E3*100/107 -> 917764.02 | G3: =_xlfn.XLOOKUP(A3,ยอดขายปัจจุบัน!B:B,ยอดขายปัจจุบัน!C:C,0,0) -> 1843 | H3: =E3/G3 -> 532.83098 | I3: 450 | J3: =(H3-I3)/H3 -> 0.15545452 | K3: =(E3-C3)/$E$36 -> 82007.5 | L3: =F3/C3 -> 1.0197378 | N3: =C3-F3 -> -17764.019 | O3: =N3/$E$36 -> -17764.019 | P3: =SUM(N3/$E$36) -> -17764.019 | Q3: =E3/$D$36 -> 35071.696 | R3: =Q3*22 -> 771577.32 | S3: =R3/C3 -> 0.85730813 | T3: =(C3-F3)*110% -> -19540.421 | U3: =T3/$E$36 -> -19540.421 | V3: =(C3-F3)*120% -> -21316.822 | W3: =SUM(V3/$E$36) -> -21316.822 | X3: =E3/$E$21 -> 0.065102121 | Y3: =E3/$H$36 -> #DIV/0! | Z3: =_xlfn.XLOOKUP(A3,ยอดขายปีที่แล้ว!B:B,ยอดขายปีที่แล้ว!D:D,0,0) -> 881171 | AA3: =Z3*100/107 -> 823524.3 | AB3: =F3 -> 917764.02 | AC3: =AB3-AA3 -> 94239.72 | AD3: =(AB3-AA3)/AA3 -> 0.11443466 | AE3: =_xlfn.XLOOKUP(A3,ยอดขายเดือนที่เแล้ว!B:B,ยอดขายเดือนที่เแล้ว!D:D,0,0) -> 1027144 | AF3: =AE3*100/107 -> 959947.66 | AG3: =F3 -> 917764.02 | AH3: =AG3-AF3 -> -42183.645 | AI3: =(AG3-AF3)/AF3 -> -0.043943692 | AJ3: 202720 | AK3: 221497 | AL3: 252707.5 | AM3: 269601 | AN3: 262322 | AO3: =AN3-AM3 -> -7279 | AP3: =(AN3-AM3)/AM3 -> -0.026999158 | AS3: =A3 -> Yuedpao สาขา Mega บางนา | AT3: =C3 -> 900000 | AU3: =F3 -> 917764.02 | AV3: =AU3/$D$36 -> 32777.286 | AW3: =(AV3*$E$36)+AU3 -> 950541.31 | AX3: =AW3/AT3 -> 1.056157 | AY3: =(AV3*50%)+AV3 -> 49165.93 | AZ3: =(AY3*$E$36)+AU3 -> 966929.95 | BA3: =AZ3/AT3 -> 1.0743666
A4: Yuedpao สาขา The Mall โคราช | B4: =(C4*7)/100+C4 -> 802500 | C4: =_xlfn.XLOOKUP(A4,'Target ปี 2026'!B:B,'Target ปี 2026'!C:C,0,0) -> 750000 | D4: =C4/30 -> 25000 | E4: =_xlfn.XLOOKUP(A4,ยอดขายปัจจุบัน!B:B,ยอดขายปัจจุบัน!D:D,0,0) -> 784810.5 | F4: =E4*100/107 -> 733467.76 | G4: =_xlfn.XLOOKUP(A4,ยอดขายปัจจุบัน!B:B,ยอดขายปัจจุบัน!C:C,0,0) -> 1662 | H4: =E4/G4 -> 472.20848 | I4: 450 | J4: =(H4-I4)/H4 -> 0.047031099 | K4: =(E4-C4)/$E$36 -> 34810.5 | L4: =F4/C4 -> 0.97795701 | N4: =C4-F4 -> 16532.243 | O4: =N4/$E$36 -> 16532.243 | P4: =SUM(N4/$E$36) -> 16532.243 | Q4: =E4/$D$36 -> 28028.946 | R4: =Q4*22 -> 616636.82 | S4: =R4/C4 -> 0.82218243 | T4: =(C4-F4)*110% -> 18185.467 | U4: =T4/$E$36 -> 18185.467 | V4: =(C4-F4)*120% -> 19838.692 | W4: =SUM(V4/$E$36) -> 19838.692 | X4: =E4/$E$21 -> 0.052028959 | Y4: =E4/$H$36 -> #DIV/0! | Z4: =_xlfn.XLOOKUP(A4,ยอดขายปีที่แล้ว!B:B,ยอดขายปีที่แล้ว!D:D,0,0) -> 661468 | AA4: =Z4*100/107 -> 618194.39 | AB4: =F4 -> 733467.76 | AC4: =AB4-AA4 -> 115273.36 | AD4: =(AB4-AA4)/AA4 -> 0.18646783 | AE4: =_xlfn.XLOOKUP(A4,ยอดขายเดือนที่เแล้ว!B:B,ยอดขายเดือนที่เแล้ว!D:D,0,0) -> 872878 | AF4: =AE4*100/107 -> 815773.83 | AG4: =F4 -> 733467.76 | AH4: =AG4-AF4 -> -82306.075 | AI4: =(AG4-AF4)/AF4 -> -0.10089325 | AJ4: 146290 | AK4: 171833 | AL4: 221080 | AM4: 189544 | AN4: 218411.5 | AO4: =AN4-AM4 -> 28867.5 | AP4: =(AN4-AM4)/AM4 -> 0.15229973 | AS4: =A4 -> Yuedpao สาขา The Mall โคราช | AT4: =C4 -> 750000 | AU4: =F4 -> 733467.76 | AV4: =AU4/$D$36 -> 26195.277 | AW4: =(AV4*$E$36)+AU4 -> 759663.03 | AX4: =AW4/AT4 -> 1.012884 | AY4: =(AV4*50%)+AV4 -> 39292.916 | AZ4: =(AY4*$E$36)+AU4 -> 772760.67 | BA4: =AZ4/AT4 -> 1.0303476
A5: Yuedpao สาขา SIAM SQUARE | B5: =(C5*7)/100+C5 -> 1016500 | C5: =_xlfn.XLOOKUP(A5,'Target ปี 2026'!B:B,'Target ปี 2026'!C:C,0,0) -> 950000 | D5: =C5/30 -> 31666.667 | E5: =_xlfn.XLOOKUP(A5,ยอดขายปัจจุบัน!B:B,ยอดขายปัจจุบัน!D:D,0,0) -> 973986.2 | F5: =E5*100/107 -> 910267.48 | G5: =_xlfn.XLOOKUP(A5,ยอดขายปัจจุบัน!B:B,ยอดขายปัจจุบัน!C:C,0,0) -> 1757 | H5: =E5/G5 -> 554.34616 | I5: 450 | J5: =(H5-I5)/H5 -> 0.18823285 | K5: =(E5-C5)/$E$36 -> 23986.2 | L5: =F5/C5 -> 0.95817629 | N5: =C5-F5 -> 39732.523 | O5: =N5/$E$36 -> 39732.523 | P5: =SUM(N5/$E$36) -> 39732.523 | Q5: =E5/$D$36 -> 34785.221 | R5: =Q5*22 -> 765274.87 | S5: =R5/C5 -> 0.8055525 | T5: =(C5-F5)*110% -> 43705.776 | U5: =T5/$E$36 -> 43705.776 | V5: =(C5-F5)*120% -> 47679.028 | W5: =SUM(V5/$E$36) -> 47679.028 | X5: =E5/$E$21 -> 0.064570349 | Y5: =E5/$H$36 -> #DIV/0! | Z5: =_xlfn.XLOOKUP(A5,ยอดขายปีที่แล้ว!B:B,ยอดขายปีที่แล้ว!D:D,0,0) -> 872143.25 | AA5: =Z5*100/107 -> 815087.15 | AB5: =F5 -> 910267.48 | AC5: =AB5-AA5 -> 95180.327 | AD5: =(AB5-AA5)/AA5 -> 0.11677319 | AE5: =_xlfn.XLOOKUP(A5,ยอดขายเดือนที่เแล้ว!B:B,ยอดขายเดือนที่เแล้ว!D:D,0,0) -> 945055.2 | AF5: =AE5*100/107 -> 883229.16 | AG5: =F5 -> 910267.48 | AH5: =AG5-AF5 -> 27038.318 | AI5: =(AG5-AF5)/AF5 -> 0.030613027 | AJ5: 182451 | AK5: 211906 | AL5: 239408 | AM5: 256643.2 | AN5: 263920 | AO5: =AN5-AM5 -> 7276.8 | AP5: =(AN5-AM5)/AM5 -> 0.028353761 | AS5: =A5 -> Yuedpao สาขา SIAM SQUARE | AT5: =C5 -> 950000 | AU5: =F5 -> 910267.48 | AV5: =AU5/$D$36 -> 32509.553 | AW5: =(AV5*$E$36)+AU5 -> 942777.03 | AX5: =AW5/AT5 -> 0.99239687 | AY5: =(AV5*50%)+AV5 -> 48764.329 | AZ5: =(AY5*$E$36)+AU5 -> 959031.81 | BA5: =AZ5/AT5 -> 1.0095072
A6: Yuedpao สาขา Central ระยอง | B6: =(C6*7)/100+C6 -> 1070000 | C6: =_xlfn.XLOOKUP(A6,'Target ปี 2026'!B:B,'Target ปี 2026'!C:C,0,0) -> 1000000 | D6: =C6/30 -> 33333.333 | E6: =_xlfn.XLOOKUP(A6,ยอดขายปัจจุบัน!B:B,ยอดขายปัจจุบัน!D:D,0,0) -> 1286829.5 | F6: =E6*100/107 -> 1202644.4 | G6: =_xlfn.XLOOKUP(A6,ยอดขายปัจจุบัน!B:B,ยอดขายปัจจุบัน!C:C,0,0) -> 2478 | H6: =E6/G6 -> 519.30165 | I6: 450 | J6: =(H6-I6)/H6 -> 0.13345163 | K6: =(E6-C6)/$E$36 -> 286829.5 | L6: =F6/C6 -> 1.2026444 | N6: =C6-F6 -> -202644.39 | O6: =N6/$E$36 -> -202644.39 | P6: =SUM(N6/$E$36) -> -202644.39 | Q6: =E6/$D$36 -> 45958.196 | R6: =Q6*22 -> 1011080.3 | S6: =R6/C6 -> 1.0110803 | T6: =(C6-F6)*110% -> -222908.83 | U6: =T6/$E$36 -> -222908.83 | V6: =(C6-F6)*120% -> -243173.27 | W6: =SUM(V6/$E$36) -> -243173.27 | X6: =E6/$E$21 -> 0.085310274 | Y6: =E6/$H$36 -> #DIV/0! | Z6: =_xlfn.XLOOKUP(A6,ยอดขายปีที่แล้ว!B:B,ยอดขายปีที่แล้ว!D:D,0,0) -> 978405 | AA6: =Z6*100/107 -> 914397.2 | AB6: =F6 -> 1202644.4 | AC6: =AB6-AA6 -> 288247.2 | AD6: =(AB6-AA6)/AA6 -> 0.31523193 | AE6: =_xlfn.XLOOKUP(A6,ยอดขายเดือนที่เแล้ว!B:B,ยอดขายเดือนที่เแล้ว!D:D,0,0) -> 1198422 | AF6: =AE6*100/107 -> 1120020.6 | AG6: =F6 -> 1202644.4 | AH6: =AG6-AF6 -> 82623.832 | AI6: =(AG6-AF6)/AF6 -> 0.073769924 | AJ6: 277084 | AK6: 301335 | AL6: 299940.5 | AM6: 337207 | AN6: 360601 | AO6: =AN6-AM6 -> 23394 | AP6: =(AN6-AM6)/AM6 -> 0.069375784 | AS6: =A6 -> Yuedpao สาขา Central ระยอง | AT6: =C6 -> 1000000 | AU6: =F6 -> 1202644.4 | AV6: =AU6/$D$36 -> 42951.585 | AW6: =(AV6*$E$36)+AU6 -> 1245596 | AX6: =AW6/AT6 -> 1.245596 | AY6: =(AV6*50%)+AV6 -> 64427.378 | AZ6: =(AY6*$E$36)+AU6 -> 1267071.8 | BA6: =AZ6/AT6 -> 1.2670718
A7: Yuedpao สาขา Central โคราช | B7: =(C7*7)/100+C7 -> 535000 | C7: =_xlfn.XLOOKUP(A7,'Target ปี 2026'!B:B,'Target ปี 2026'!C:C,0,0) -> 500000 | D7: =C7/30 -> 16666.667 | E7: =_xlfn.XLOOKUP(A7,ยอดขายปัจจุบัน!B:B,ยอดขายปัจจุบัน!D:D,0,0) -> 610704.5 | F7: =E7*100/107 -> 570751.87 | G7: =_xlfn.XLOOKUP(A7,ยอดขายปัจจุบัน!B:B,ยอดขายปัจจุบัน!C:C,0,0) -> 1315 | H7: =E7/G7 -> 464.41407 | I7: 450 | J7: =(H7-I7)/H7 -> 0.031037106 | K7: =(E7-C7)/$E$36 -> 110704.5 | L7: =F7/C7 -> 1.1415037 | N7: =C7-F7 -> -70751.869 | O7: =N7/$E$36 -> -70751.869 | P7: =SUM(N7/$E$36) -> -70751.869 | Q7: =E7/$D$36 -> 21810.875 | R7: =Q7*22 -> 479839.25 | S7: =R7/C7 -> 0.9596785 | T7: =(C7-F7)*110% -> -77827.056 | U7: =T7/$E$36 -> -77827.056 | V7: =(C7-F7)*120% -> -84902.243 | W7: =SUM(V7/$E$36) -> -84902.243 | X7: =E7/$E$21 -> 0.040486613 | Y7: =E7/$H$36 -> #DIV/0! | Z7: =_xlfn.XLOOKUP(A7,ยอดขายปีที่แล้ว!B:B,ยอดขายปีที่แล้ว!D:D,0,0) -> 374592 | AA7: =Z7*100/107 -> 350085.98 | AB7: =F7 -> 570751.87 | AC7: =AB7-AA7 -> 220665.89 | AD7: =(AB7-AA7)/AA7 -> 0.63031912 | AE7: =_xlfn.XLOOKUP(A7,ยอดขายเดือนที่เแล้ว!B:B,ยอดขายเดือนที่เแล้ว!D:D,0,0) -> 620565 | AF7: =AE7*100/107 -> 579967.29 | AG7: =F7 -> 570751.87 | AH7: =AG7-AF7 -> -9215.4206 | AI7: =(AG7-AF7)/AF7 -> -0.015889552 | AJ7: 122494 | AK7: 134410.5 | AL7: 167744 | AM7: 143604 | AN7: 165756 | AO7: =AN7-AM7 -> 22152 | AP7: =(AN7-AM7)/AM7 -> 0.15425754 | AS7: =A7 -> Yuedpao สาขา Central โคราช | AT7: =C7 -> 500000 | AU7: =F7 -> 570751.87 | AV7: =AU7/$D$36 -> 20383.995 | AW7: =(AV7*$E$36)+AU7 -> 591135.86 | AX7: =AW7/AT7 -> 1.1822717 | AY7: =(AV7*50%)+AV7 -> 30575.993 | AZ7: =(AY7*$E$36)+AU7 -> 601327.86 | BA7: =AZ7/AT7 -> 1.2026557
A8: Yuedpao สาขา Robinson บุรีรัมย์ | B8: =(C8*7)/100+C8 -> 535000 | C8: =_xlfn.XLOOKUP(A8,'Target ปี 2026'!B:B,'Target ปี 2026'!C:C,0,0) -> 500000 | D8: =C8/30 -> 16666.667 | E8: =_xlfn.XLOOKUP(A8,ยอดขายปัจจุบัน!B:B,ยอดขายปัจจุบัน!D:D,0,0) -> 575938 | F8: =E8*100/107 -> 538259.81 | G8: =_xlfn.XLOOKUP(A8,ยอดขายปัจจุบัน!B:B,ยอดขายปัจจุบัน!C:C,0,0) -> 1183 | H8: =E8/G8 -> 486.84531 | I8: 330 | J8: =(H8-I8)/H8 -> 0.32216662 | K8: =(E8-C8)/$E$36 -> 75938 | L8: =F8/C8 -> 1.0765196 | N8: =C8-F8 -> -38259.813 | O8: =N8/$E$36 -> -38259.813 | P8: =SUM(N8/$E$36) -> -38259.813 | Q8: =E8/$D$36 -> 20569.214 | R8: =Q8*22 -> 452522.71 | S8: =R8/C8 -> 0.90504543 | T8: =(C8-F8)*110% -> -42085.794 | U8: =T8/$E$36 -> -42085.794 | V8: =(C8-F8)*120% -> -45911.776 | W8: =SUM(V8/$E$36) -> -45911.776 | X8: =E8/$E$21 -> 0.038181771 | Y8: =E8/$H$36 -> #DIV/0! | Z8: =_xlfn.XLOOKUP(A8,ยอดขายปีที่แล้ว!B:B,ยอดขายปีที่แล้ว!D:D,0,0) -> 365093 | AA8: =Z8*100/107 -> 341208.41 | AB8: =F8 -> 538259.81 | AC8: =AB8-AA8 -> 197051.4 | AD8: =(AB8-AA8)/AA8 -> 0.57751039 | AE8: =_xlfn.XLOOKUP(A8,ยอดขายเดือนที่เแล้ว!B:B,ยอดขายเดือนที่เแล้ว!D:D,0,0) -> 629096 | AF8: =AE8*100/107 -> 587940.19 | AG8: =F8 -> 538259.81 | AH8: =AG8-AF8 -> -49680.374 | AI8: =(AG8-AF8)/AF8 -> -0.084499027 | AJ8: 97709 | AK8: 121420 | AL8: 158253 | AM8: 125354 | AN8: 187814 | AO8: =AN8-AM8 -> 62460 | AP8: =(AN8-AM8)/AM8 -> 0.4982689 | AS8: =A8 -> Yuedpao สาขา Robinson บุรีรัมย์ | AT8: =C8 -> 500000 | AU8: =F8 -> 538259.81 | AV8: =AU8/$D$36 -> 19223.565 | AW8: =(AV8*$E$36)+AU8 -> 557483.38 | AX8: =AW8/AT8 -> 1.1149668 | AY8: =(AV8*50%)+AV8 -> 28835.347 | AZ8: =(AY8*$E$36)+AU8 -> 567095.16 | BA8: =AZ8/AT8 -> 1.1341903
A9: Yuedpao สาขา MAYA เชียงใหม่ | B9: =(C9*7)/100+C9 -> 1070000 | C9: =_xlfn.XLOOKUP(A9,'Target ปี 2026'!B:B,'Target ปี 2026'!C:C,0,0) -> 1000000 | D9: =C9/30 -> 33333.333 | E9: =_xlfn.XLOOKUP(A9,ยอดขายปัจจุบัน!B:B,ยอดขายปัจจุบัน!D:D,0,0) -> 1221787.5 | F9: =E9*100/107 -> 1141857.5 | G9: =_xlfn.XLOOKUP(A9,ยอดขายปัจจุบัน!B:B,ยอดขายปัจจุบัน!C:C,0,0) -> 3197 | H9: =E9/G9 -> 382.16688 | I9: 450 | J9: =(H9-I9)/H9 -> -0.17749609 | K9: =(E9-C9)/$E$36 -> 221787.5 | L9: =F9/C9 -> 1.1418575 | N9: =C9-F9 -> -141857.48 | O9: =N9/$E$36 -> -141857.48 | P9: =SUM(N9/$E$36) -> -141857.48 | Q9: =E9/$D$36 -> 43635.268 | R9: =Q9*22 -> 959975.89 | S9: =R9/C9 -> 0.95997589 | T9: =(C9-F9)*110% -> -156043.22 | U9: =T9/$E$36 -> -156043.22 | V9: =(C9-F9)*120% -> -170228.97 | W9: =SUM(V9/$E$36) -> -170228.97 | X9: =E9/$E$21 -> 0.080998319 | Y9: =E9/$H$36 -> #DIV/0! | Z9: =_xlfn.XLOOKUP(A9,ยอดขายปีที่แล้ว!B:B,ยอดขายปีที่แล้ว!D:D,0,0) -> 952367.5 | AA9: =Z9*100/107 -> 890063.08 | AB9: =F9 -> 1141857.5 | AC9: =AB9-AA9 -> 251794.39 | AD9: =(AB9-AA9)/AA9 -> 0.282895 | AE9: =_xlfn.XLOOKUP(A9,ยอดขายเดือนที่เแล้ว!B:B,ยอดขายเดือนที่เแล้ว!D:D,0,0) -> 1474698 | AF9: =AE9*100/107 -> 1378222.4 | AG9: =F9 -> 1141857.5 | AH9: =AG9-AF9 -> -236364.95 | AI9: =(AG9-AF9)/AF9 -> -0.17149986 | AJ9: 303023 | AK9: 259680 | AL9: 312872 | AM9: 311095.5 | AN9: 332518 | AO9: =AN9-AM9 -> 21422.5 | AP9: =(AN9-AM9)/AM9 -> 0.068861491 | AS9: =A9 -> Yuedpao สาขา MAYA เชียงใหม่ | AT9: =C9 -> 1000000 | AU9: =F9 -> 1141857.5 | AV9: =AU9/$D$36 -> 40780.624 | AW9: =(AV9*$E$36)+AU9 -> 1182638.1 | AX9: =AW9/AT9 -> 1.1826381 | AY9: =(AV9*50%)+AV9 -> 61170.936 | AZ9: =(AY9*$E$36)+AU9 -> 1203028.4 | BA9: =AZ9/AT9 -> 1.2030284
A10: Exchange Store | AS10: Exchange Store
A11: Yuedpao สาขา Future Park Rangsit ชั้น 3 | B11: =(C11*7)/100+C11 -> 2354000 | C11: =_xlfn.XLOOKUP(A11,'Target ปี 2026'!B:B,'Target ปี 2026'!C:C,0,0) -> 2200000 | D11: =C11/30 -> 73333.333 | E11: =_xlfn.XLOOKUP(A11,ยอดขายปัจจุบัน!B:B,ยอดขายปัจจุบัน!D:D,0,0) -> 1807232 | F11: =E11*100/107 -> 1689001.9 | G11: =_xlfn.XLOOKUP(A11,ยอดขายปัจจุบัน!B:B,ยอดขายปัจจุบัน!C:C,0,0) -> 3688 | H11: =E11/G11 -> 490.03037 | I11: 400 | J11: =(H11-I11)/H11 -> 0.18372406 | K11: =(E11-C11)/$E$36 -> -392768 | L11: =F11/C11 -> 0.76772812 | N11: =C11-F11 -> 510998.13 | O11: =N11/$E$36 -> 510998.13 | P11: =SUM(N11/$E$36) -> 510998.13 | Q11: =E11/$D$36 -> 64544 | R11: =Q11*22 -> 1419968 | S11: =R11/C11 -> 0.64544 | T11: =(C11-F11)*110% -> 562097.94 | U11: =T11/$E$36 -> 562097.94 | V11: =(C11-F11)*120% -> 613197.76 | W11: =SUM(V11/$E$36) -> 613197.76 | X11: =E11/$E$21 -> 0.11981032 | Y11: =E11/$H$36 -> #DIV/0! | Z11: =_xlfn.XLOOKUP(A11,ยอดขายปีที่แล้ว!B:B,ยอดขายปีที่แล้ว!D:D,0,0) -> 1688582.5 | AA11: =Z11*100/107 -> 1578114.5 | AB11: =F11 -> 1689001.9 | AC11: =AB11-AA11 -> 110887.38 | AD11: =(AB11-AA11)/AA11 -> 0.070265741 | AE11: =_xlfn.XLOOKUP(A11,ยอดขายเดือนที่เแล้ว!B:B,ยอดขายเดือนที่เแล้ว!D:D,0,0) -> 2122760 | AF11: =AE11*100/107 -> 1983887.9 | AG11: =F11 -> 1689001.9 | AH11: =AG11-AF11 -> -294885.98 | AI11: =(AG11-AF11)/AF11 -> -0.14864045 | AJ11: 470624 | AK11: 398494 | AL11: 455916 | AM11: 445861 | AN11: 528581 | AO11: =AN11-AM11 -> 82720 | AP11: =(AN11-AM11)/AM11 -> 0.18552867 | AQ11: REROCATE 16 DEC 2025 | AS11: =A11 -> Yuedpao สาขา Future Park Rangsit ชั้น 3 | AT11: =C11 -> 2200000 | AU11: =F11 -> 1689001.9 | AV11: =AU11/$D$36 -> 60321.495 | AW11: =(AV11*$E$36)+AU11 -> 1749323.4 | AX11: =AW11/AT11 -> 0.79514698 | AY11: =(AV11*50%)+AV11 -> 90482.243 | AZ11: =(AY11*$E$36)+AU11 -> 1779484.1 | BA11: =AZ11/AT11 -> 0.80885641
A12: Yuedpao สาขา Central Festival เชียงใหม่ | B12: =(C12*7)/100+C12 -> 1284000 | C12: =_xlfn.XLOOKUP(A12,'Target ปี 2026'!B:B,'Target ปี 2026'!C:C,0,0) -> 1200000 | D12: =C12/30 -> 40000 | E12: =_xlfn.XLOOKUP(A12,ยอดขายปัจจุบัน!B:B,ยอดขายปัจจุบัน!D:D,0,0) -> 1159000.5 | F12: =E12*100/107 -> 1083178 | G12: =_xlfn.XLOOKUP(A12,ยอดขายปัจจุบัน!B:B,ยอดขายปัจจุบัน!C:C,0,0) -> 2259 | H12: =E12/G12 -> 513.0591 | I12: 401 | J12: =(H12-I12)/H12 -> 0.21841362 | K12: =(E12-C12)/$E$36 -> -40999.5 | L12: =F12/C12 -> 0.90264836 | N12: =C12-F12 -> 116821.96 | O12: =N12/$E$36 -> 116821.96 | P12: =SUM(N12/$E$36) -> 116821.96 | Q12: =E12/$D$36 -> 41392.875 | R12: =Q12*22 -> 910643.25 | S12: =R12/C12 -> 0.75886937 | T12: =(C12-F12)*110% -> 128504.16 | U12: =T12/$E$36 -> 128504.16 | V12: =(C12-F12)*120% -> 140186.36 | W12: =SUM(V12/$E$36) -> 140186.36 | X12: =E12/$E$21 -> 0.07683586 | Y12: =E12/$H$36 -> #DIV/0! | Z12: =_xlfn.XLOOKUP(A12,ยอดขายปีที่แล้ว!B:B,ยอดขายปีที่แล้ว!D:D,0,0) -> 914076 | AA12: =Z12*100/107 -> 854276.64 | AB12: =F12 -> 1083178 | AC12: =AB12-AA12 -> 228901.4 | AD12: =(AB12-AA12)/AA12 -> 0.26794763 | AE12: =_xlfn.XLOOKUP(A12,ยอดขายเดือนที่เแล้ว!B:B,ยอดขายเดือนที่เแล้ว!D:D,0,0) -> 1272433.8 | AF12: =AE12*100/107 -> 1189190.5 | AG12: =F12 -> 1083178 | AH12: =AG12-AF12 -> -106012.43 | AI12: =(AG12-AF12)/AF12 -> -0.08914672 | AJ12: 276515 | AK12: 225547.5 | AL12: 307428 | AM12: 309561 | AN12: 312550 | AO12: =AN12-AM12 -> 2989 | AP12: =(AN12-AM12)/AM12 -> 0.0096556091 | AQ12: REROCATE 01 DEC 2024 | AS12: =A12 -> Yuedpao สาขา Central Festival เชียงใหม่ | AT12: =C12 -> 1200000 | AU12: =F12 -> 1083178 | AV12: =AU12/$D$36 -> 38684.93 | AW12: =(AV12*$E$36)+AU12 -> 1121863 | AX12: =AW12/AT12 -> 0.93488581 | AY12: =(AV12*50%)+AV12 -> 58027.395 | AZ12: =(AY12*$E$36)+AU12 -> 1141205.4 | BA12: =AZ12/AT12 -> 0.95100453
A13: Yuedpao สาขา Central พัทยา | B13: =(C13*7)/100+C13 -> 642000 | C13: =_xlfn.XLOOKUP(A13,'Target ปี 2026'!B:B,'Target ปี 2026'!C:C,0,0) -> 600000 | D13: =C13/30 -> 20000 | E13: =_xlfn.XLOOKUP(A13,ยอดขายปัจจุบัน!B:B,ยอดขายปัจจุบัน!D:D,0,0) -> 691868 | F13: =E13*100/107 -> 646605.61 | G13: =_xlfn.XLOOKUP(A13,ยอดขายปัจจุบัน!B:B,ยอดขายปัจจุบัน!C:C,0,0) -> 1252 | H13: =E13/G13 -> 552.61022 | I13: 401 | J13: =(H13-I13)/H13 -> 0.27435291 | K13: =(E13-C13)/$E$36 -> 91868 | L13: =F13/C13 -> 1.077676 | N13: =C13-F13 -> -46605.607 | O13: =N13/$E$36 -> -46605.607 | P13: =SUM(N13/$E$36) -> -46605.607 | Q13: =E13/$D$36 -> 24709.571 | R13: =Q13*22 -> 543610.57 | S13: =R13/C13 -> 0.90601762 | T13: =(C13-F13)*110% -> -51266.168 | U13: =T13/$E$36 -> -51266.168 | V13: =(C13-F13)*120% -> -55926.729 | W13: =SUM(V13/$E$36) -> -55926.729 | X13: =E13/$E$21 -> 0.045867342 | Y13: =E13/$H$36 -> #DIV/0! | Z13: =_xlfn.XLOOKUP(A13,ยอดขายปีที่แล้ว!B:B,ยอดขายปีที่แล้ว!D:D,0,0) -> 483471 | AA13: =Z13*100/107 -> 451842.06 | AB13: =F13 -> 646605.61 | AC13: =AB13-AA13 -> 194763.55 | AD13: =(AB13-AA13)/AA13 -> 0.43104343 | AE13: =_xlfn.XLOOKUP(A13,ยอดขายเดือนที่เแล้ว!B:B,ยอดขายเดือนที่เแล้ว!D:D,0,0) -> 836250 | AF13: =AE13*100/107 -> 781542.06 | AG13: =F13 -> 646605.61 | AH13: =AG13-AF13 -> -134936.45 | AI13: =(AG13-AF13)/AF13 -> -0.17265411 | AJ13: 180426 | AK13: 154830 | AL13: 175702 | AM13: 154950 | AN13: 216852 | AO13: =AN13-AM13 -> 61902 | AP13: =(AN13-AM13)/AM13 -> 0.39949661 | AQ13: REROCATE 05 FEB 2024 | AS13: =A13 -> Yuedpao สาขา Central พัทยา | AT13: =C13 -> 600000 | AU13: =F13 -> 646605.61 | AV13: =AU13/$D$36 -> 23093.057 | AW13: =(AV13*$E$36)+AU13 -> 669698.66 | AX13: =AW13/AT13 -> 1.1161644 | AY13: =(AV13*50%)+AV13 -> 34639.586 | AZ13: =(AY13*$E$36)+AU13 -> 681245.19 | BA13: =AZ13/AT13 -> 1.1354087
A14: Yuedpao สาขา Central ปิ่นเกล้า | B14: =(C14*7)/100+C14 -> 1926000 | C14: =_xlfn.XLOOKUP(A14,'Target ปี 2026'!B:B,'Target ปี 2026'!C:C,0,0) -> 1800000 | D14: =C14/30 -> 60000 | E14: =_xlfn.XLOOKUP(A14,ยอดขายปัจจุบัน!B:B,ยอดขายปัจจุบัน!D:D,0,0) -> 1737483.5 | F14: =E14*100/107 -> 1623816.4 | G14: =_xlfn.XLOOKUP(A14,ยอดขายปัจจุบัน!B:B,ยอดขายปัจจุบัน!C:C,0,0) -> 3737 | H14: =E14/G14 -> 464.94073 | I14: 450 | J14: =(H14-I14)/H14 -> 0.032134694 | K14: =(E14-C14)/$E$36 -> -62516.5 | L14: =F14/C14 -> 0.9021202 | N14: =C14-F14 -> 176183.64 | O14: =N14/$E$36 -> 176183.64 | P14: =SUM(N14/$E$36) -> 176183.64 | Q14: =E14/$D$36 -> 62052.982 | R14: =Q14*22 -> 1365165.6 | S14: =R14/C14 -> 0.75842534 | T14: =(C14-F14)*110% -> 193802.01 | U14: =T14/$E$36 -> 193802.01 | V14: =(C14-F14)*120% -> 211420.37 | W14: =SUM(V14/$E$36) -> 211420.37 | X14: =E14/$E$21 -> 0.11518635 | Y14: =E14/$H$36 -> #DIV/0! | Z14: =_xlfn.XLOOKUP(A14,ยอดขายปีที่แล้ว!B:B,ยอดขายปีที่แล้ว!D:D,0,0) -> 867796 | AA14: =Z14*100/107 -> 811024.3 | AB14: =F14 -> 1623816.4 | AC14: =AB14-AA14 -> 812792.06 | AD14: =(AB14-AA14)/AA14 -> 1.0021797 | AE14: =_xlfn.XLOOKUP(A14,ยอดขายเดือนที่เแล้ว!B:B,ยอดขายเดือนที่เแล้ว!D:D,0,0) -> 1658515.5 | AF14: =AE14*100/107 -> 1550014.5 | AG14: =F14 -> 1623816.4 | AH14: =AG14-AF14 -> 73801.869 | AI14: =(AG14-AF14)/AF14 -> 0.047613664 | AJ14: 374127 | AK14: 385121.5 | AL14: 441054 | AM14: 421319 | AN14: 495445 | AO14: =AN14-AM14 -> 74126 | AP14: =(AN14-AM14)/AM14 -> 0.17593795 | AQ14: REROCATE 01 DEC 2024 | AS14: =A14 -> Yuedpao สาขา Central ปิ่นเกล้า | AT14: =C14 -> 1800000 | AU14: =F14 -> 1623816.4 | AV14: =AU14/$D$36 -> 57993.441 | AW14: =(AV14*$E$36)+AU14 -> 1681809.8 | AX14: =AW14/AT14 -> 0.93433878 | AY14: =(AV14*50%)+AV14 -> 86990.162 | AZ14: =(AY14*$E$36)+AU14 -> 1710806.5 | BA14: =AZ14/AT14 -> 0.95044807
A15: Yuedpao สาขา I am China Town | B15: =(C15*7)/100+C15 -> 374500 | C15: =_xlfn.XLOOKUP(A15,'Target ปี 2026'!B:B,'Target ปี 2026'!C:C,0,0) -> 350000 | D15: =C15/30 -> 11666.667 | E15: =_xlfn.XLOOKUP(A15,ยอดขายปัจจุบัน!B:B,ยอดขายปัจจุบัน!D:D,0,0) -> 396760.54 | F15: =E15*100/107 -> 370804.24 | G15: =_xlfn.XLOOKUP(A15,ยอดขายปัจจุบัน!B:B,ยอดขายปัจจุบัน!C:C,0,0) -> 870 | H15: =E15/G15 -> 456.0466 | I15: 430 | J15: =(H15-I15)/H15 -> 0.057113895 | K15: =(E15-C15)/$E$36 -> 46760.54 | L15: =F15/C15 -> 1.0594407 | N15: =C15-F15 -> -20804.243 | O15: =N15/$E$36 -> -20804.243 | P15: =SUM(N15/$E$36) -> -20804.243 | Q15: =E15/$D$36 -> 14170.019 | R15: =Q15*22 -> 311740.42 | S15: =R15/C15 -> 0.89068693 | T15: =(C15-F15)*110% -> -22884.667 | U15: =T15/$E$36 -> -22884.667 | V15: =(C15-F15)*120% -> -24965.092 | W15: =SUM(V15/$E$36) -> -24965.092 | X15: =E15/$E$21 -> 0.026303213 | Y15: =E15/$H$36 -> #DIV/0! | Z15: =_xlfn.XLOOKUP(A15,ยอดขายปีที่แล้ว!B:B,ยอดขายปีที่แล้ว!D:D,0,0) -> 0 | AA15: =Z15*100/107 -> 0 | AB15: =F15 -> 370804.24 | AC15: =AB15-AA15 -> 370804.24 | AD15: =(AB15-AA15)/AA15 -> #DIV/0! | AE15: =_xlfn.XLOOKUP(A15,ยอดขายเดือนที่เแล้ว!B:B,ยอดขายเดือนที่เแล้ว!D:D,0,0) -> 335396 | AF15: =AE15*100/107 -> 313454.21 | AG15: =F15 -> 370804.24 | AH15: =AG15-AF15 -> 57350.037 | AI15: =(AG15-AF15)/AF15 -> 0.18296145 | AJ15: 77675 | AK15: 78116 | AL15: 112553.54 | AM15: 124986 | AN15: 84540 | AO15: =AN15-AM15 -> -40446 | AP15: =(AN15-AM15)/AM15 -> -0.32360424 | AQ15: OPEN 01 JUN 2024 | AS15: =A15 -> Yuedpao สาขา I am China Town | AT15: =C15 -> 350000 | AU15: =F15 -> 370804.24 | AV15: =AU15/$D$36 -> 13243.009 | AW15: =(AV15*$E$36)+AU15 -> 384047.25 | AX15: =AW15/AT15 -> 1.0972779 | AY15: =(AV15*50%)+AV15 -> 19864.513 | AZ15: =(AY15*$E$36)+AU15 -> 390668.76 | BA15: =AZ15/AT15 -> 1.1161964
A16: Yuedpao สาขา Robinson ชลบุรี | B16: =(C16*7)/100+C16 -> 856000 | C16: =_xlfn.XLOOKUP(A16,'Target ปี 2026'!B:B,'Target ปี 2026'!C:C,0,0) -> 800000 | D16: =C16/30 -> 26666.667 | E16: =_xlfn.XLOOKUP(A16,ยอดขายปัจจุบัน!B:B,ยอดขายปัจจุบัน!D:D,0,0) -> 920696.51 | F16: =E16*100/107 -> 860464.03 | G16: =_xlfn.XLOOKUP(A16,ยอดขายปัจจุบัน!B:B,ยอดขายปัจจุบัน!C:C,0,0) -> 2013 | H16: =E16/G16 -> 457.37532 | I16: 430 | J16: =(H16-I16)/H16 -> 0.059853067 | K16: =(E16-C16)/$E$36 -> 120696.51 | L16: =F16/C16 -> 1.07558 | N16: =C16-F16 -> -60464.028 | O16: =N16/$E$36 -> -60464.028 | P16: =SUM(N16/$E$36) -> -60464.028 | Q16: =E16/$D$36 -> 32882.018 | R16: =Q16*22 -> 723404.4 | S16: =R16/C16 -> 0.9042555 | T16: =(C16-F16)*110% -> -66510.431 | U16: =T16/$E$36 -> -66510.431 | V16: =(C16-F16)*120% -> -72556.834 | W16: =SUM(V16/$E$36) -> -72556.834 | X16: =E16/$E$21 -> 0.061037513 | Y16: =E16/$H$36 -> #DIV/0! | Z16: =_xlfn.XLOOKUP(A16,ยอดขายปีที่แล้ว!B:B,ยอดขายปีที่แล้ว!D:D,0,0) -> 0 | AA16: =Z16*100/107 -> 0 | AB16: =F16 -> 860464.03 | AC16: =AB16-AA16 -> 860464.03 | AD16: =(AB16-AA16)/AA16 -> #DIV/0! | AE16: =_xlfn.XLOOKUP(A16,ยอดขายเดือนที่เแล้ว!B:B,ยอดขายเดือนที่เแล้ว!D:D,0,0) -> 907039 | AF16: =AE16*100/107 -> 847700 | AG16: =F16 -> 860464.03 | AH16: =AG16-AF16 -> 12764.028 | AI16: =(AG16-AF16)/AF16 -> 0.015057247 | AJ16: 184083 | AK16: 224899 | AL16: 255300 | AM16: 221141.51 | AN16: 230972 | AO16: =AN16-AM16 -> 9830.49 | AP16: =(AN16-AM16)/AM16 -> 0.044453391 | AQ16: OPEN 01 AUN 2024 | AS16: =A16 -> Yuedpao สาขา Robinson ชลบุรี | AT16: =C16 -> 800000 | AU16: =F16 -> 860464.03 | AV16: =AU16/$D$36 -> 30730.858 | AW16: =(AV16*$E$36)+AU16 -> 891194.89 | AX16: =AW16/AT16 -> 1.1139936 | AY16: =(AV16*50%)+AV16 -> 46096.287 | AZ16: =(AY16*$E$36)+AU16 -> 906560.32 | BA16: =AZ16/AT16 -> 1.1332004
A17: Yuedpao สาขา Big C อำนาจเจริญ | B17: =(C17*7)/100+C17 -> 588500 | C17: =_xlfn.XLOOKUP(A17,'Target ปี 2026'!B:B,'Target ปี 2026'!C:C,0,0) -> 550000 | D17: =C17/30 -> 18333.333 | E17: =_xlfn.XLOOKUP(A17,ยอดขายปัจจุบัน!B:B,ยอดขายปัจจุบัน!D:D,0,0) -> 384029.5 | F17: =E17*100/107 -> 358906.07 | G17: =_xlfn.XLOOKUP(A17,ยอดขายปัจจุบัน!B:B,ยอดขายปัจจุบัน!C:C,0,0) -> 742 | H17: =E17/G17 -> 517.55997 | I17: 431 | J17: =(H17-I17)/H17 -> 0.16724627 | K17: =(E17-C17)/$E$36 -> -165970.5 | L17: =F17/C17 -> 0.6525565 | N17: =C17-F17 -> 191093.93 | O17: =N17/$E$36 -> 191093.93 | P17: =SUM(N17/$E$36) -> 191093.93 | Q17: =E17/$D$36 -> 13715.339 | R17: =Q17*22 -> 301737.46 | S17: =R17/C17 -> 0.54861357 | T17: =(C17-F17)*110% -> 210203.32 | U17: =T17/$E$36 -> 210203.32 | V17: =(C17-F17)*120% -> 229312.71 | W17: =SUM(V17/$E$36) -> 229312.71 | X17: =E17/$E$21 -> 0.02545921 | Y17: =E17/$H$36 -> #DIV/0! | Z17: =_xlfn.XLOOKUP(A17,ยอดขายปีที่แล้ว!B:B,ยอดขายปีที่แล้ว!D:D,0,0) -> 0 | AA17: =Z17*100/107 -> 0 | AB17: =F17 -> 358906.07 | AC17: =AB17-AA17 -> 358906.07 | AD17: =(AB17-AA17)/AA17 -> #DIV/0! | AE17: =_xlfn.XLOOKUP(A17,ยอดขายเดือนที่เแล้ว!B:B,ยอดขายเดือนที่เแล้ว!D:D,0,0) -> 469734.5 | AF17: =AE17*100/107 -> 439004.21 | AG17: =F17 -> 358906.07 | AH17: =AG17-AF17 -> -80098.131 | AI17: =(AG17-AF17)/AF17 -> -0.18245413 | AJ17: 80623 | AK17: 106515 | AL17: 109432 | AM17: 89786.5 | AN17: 76512 | AO17: =AN17-AM17 -> -13274.5 | AP17: =(AN17-AM17)/AM17 -> -0.14784517 | AQ17: OPEN 15 NOV 2024 | AS17: =A17 -> Yuedpao สาขา Big C อำนาจเจริญ | AT17: =C17 -> 550000 | AU17: =F17 -> 358906.07 | AV17: =AU17/$D$36 -> 12818.074 | AW17: =(AV17*$E$36)+AU17 -> 371724.15 | AX17: =AW17/AT17 -> 0.67586209 | AY17: =(AV17*50%)+AV17 -> 19227.111 | AZ17: =(AY17*$E$36)+AU17 -> 378133.19 | BA17: =AZ17/AT17 -> 0.68751488
A18: Yuedpao สาขา Robinson แม่สอด | B18: =(C18*7)/100+C18 -> 856000 | C18: =_xlfn.XLOOKUP(A18,'Target ปี 2026'!B:B,'Target ปี 2026'!C:C,0,0) -> 800000 | D18: =C18/30 -> 26666.667 | E18: =_xlfn.XLOOKUP(A18,ยอดขายปัจจุบัน!B:B,ยอดขายปัจจุบัน!D:D,0,0) -> 770581 | F18: =E18*100/107 -> 720169.16 | G18: =_xlfn.XLOOKUP(A18,ยอดขายปัจจุบัน!B:B,ยอดขายปัจจุบัน!C:C,0,0) -> 1408 | H18: =E18/G18 -> 547.28764 | I18: 432 | J18: =(H18-I18)/H18 -> 0.21065274 | K18: =(E18-C18)/$E$36 -> -29419 | L18: =F18/C18 -> 0.90021145 | N18: =C18-F18 -> 79830.841 | O18: =N18/$E$36 -> 79830.841 | P18: =SUM(N18/$E$36) -> 79830.841 | Q18: =E18/$D$36 -> 27520.75 | R18: =Q18*22 -> 605456.5 | S18: =R18/C18 -> 0.75682063 | T18: =(C18-F18)*110% -> 87813.925 | U18: =T18/$E$36 -> 87813.925 | V18: =(C18-F18)*120% -> 95797.009 | W18: =SUM(V18/$E$36) -> 95797.009 | X18: =E18/$E$21 -> 0.051085615 | Y18: =E18/$H$36 -> #DIV/0! | Z18: =_xlfn.XLOOKUP(A18,ยอดขายปีที่แล้ว!B:B,ยอดขายปีที่แล้ว!D:D,0,0) -> 0 | AA18: =Z18*100/107 -> 0 | AB18: =F18 -> 720169.16 | AC18: =AB18-AA18 -> 720169.16 | AD18: =(AB18-AA18)/AA18 -> #DIV/0! | AE18: =_xlfn.XLOOKUP(A18,ยอดขายเดือนที่เแล้ว!B:B,ยอดขายเดือนที่เแล้ว!D:D,0,0) -> 734037.5 | AF18: =AE18*100/107 -> 686016.36 | AG18: =F18 -> 720169.16 | AH18: =AG18-AF18 -> 34152.804 | AI18: =(AG18-AF18)/AF18 -> 0.049784241 | AJ18: 139699.5 | AK18: 177658 | AL18: 220097 | AM18: 186551.5 | AN18: 199509.5 | AO18: =AN18-AM18 -> 12958 | AP18: =(AN18-AM18)/AM18 -> 0.069460712 | AQ18: OPEN 01 NOV 2024 | AS18: =A18 -> Yuedpao สาขา Robinson แม่สอด | AT18: =C18 -> 800000 | AU18: =F18 -> 720169.16 | AV18: =AU18/$D$36 -> 25720.327 | AW18: =(AV18*$E$36)+AU18 -> 745889.49 | AX18: =AW18/AT18 -> 0.93236186 | AY18: =(AV18*50%)+AV18 -> 38580.491 | AZ18: =(AY18*$E$36)+AU18 -> 758749.65 | BA18: =AZ18/AT18 -> 0.94843706
A19: Yuedpao สาขา Sermthai Complex มหาสารคาม | B19: =(C19*7)/100+C19 -> 1070000 | C19: =_xlfn.XLOOKUP(A19,'Target ปี 2026'!B:B,'Target ปี 2026'!C:C,0,0) -> 1000000 | D19: =C19/30 -> 33333.333 | E19: =_xlfn.XLOOKUP(A19,ยอดขายปัจจุบัน!B:B,ยอดขายปัจจุบัน!D:D,0,0) -> 780394 | F19: =E19*100/107 -> 729340.19 | G19: =_xlfn.XLOOKUP(A19,ยอดขายปัจจุบัน!B:B,ยอดขายปัจจุบัน!C:C,0,0) -> 1705 | H19: =E19/G19 -> 457.70909 | I19: 433 | J19: =(H19-I19)/H19 -> 0.053984269 | K19: =(E19-C19)/$E$36 -> -219606 | L19: =F19/C19 -> 0.72934019 | N19: =C19-F19 -> 270659.81 | O19: =N19/$E$36 -> 270659.81 | P19: =SUM(N19/$E$36) -> 270659.81 | Q19: =E19/$D$36 -> 27871.214 | R19: =Q19*22 -> 613166.71 | S19: =R19/C19 -> 0.61316671 | T19: =(C19-F19)*110% -> 297725.79 | U19: =T19/$E$36 -> 297725.79 | V19: =(C19-F19)*120% -> 324791.78 | W19: =SUM(V19/$E$36) -> 324791.78 | X19: =E19/$E$21 -> 0.051736167 | Y19: =E19/$H$36 -> #DIV/0! | Z19: =_xlfn.XLOOKUP(A19,ยอดขายปีที่แล้ว!B:B,ยอดขายปีที่แล้ว!D:D,0,0) -> 0 | AA19: =Z19*100/107 -> 0 | AB19: =F19 -> 729340.19 | AC19: =AB19-AA19 -> 729340.19 | AD19: =(AB19-AA19)/AA19 -> #DIV/0! | AE19: =_xlfn.XLOOKUP(A19,ยอดขายเดือนที่เแล้ว!B:B,ยอดขายเดือนที่เแล้ว!D:D,0,0) -> 658331 | AF19: =AE19*100/107 -> 615262.62 | AG19: =F19 -> 729340.19 | AH19: =AG19-AF19 -> 114077.57 | AI19: =(AG19-AF19)/AF19 -> 0.18541281 | AJ19: 133285 | AK19: 200440 | AL19: 207846 | AM19: 172229 | AN19: 210532 | AO19: =AN19-AM19 -> 38303 | AP19: =(AN19-AM19)/AM19 -> 0.22239576 | AQ19: OPEN 20 DEC 2024 | AS19: =A19 -> Yuedpao สาขา Sermthai Complex มหาสารคาม | AT19: =C19 -> 1000000 | AU19: =F19 -> 729340.19 | AV19: =AU19/$D$36 -> 26047.864 | AW19: =(AV19*$E$36)+AU19 -> 755388.05 | AX19: =AW19/AT19 -> 0.75538805 | AY19: =(AV19*50%)+AV19 -> 39071.796 | AZ19: =(AY19*$E$36)+AU19 -> 768411.98 | BA19: =AZ19/AT19 -> 0.76841198
A20: TOTAL SAME STORE | C20: =SUM(C3:C19) -> 14900000 | D20: =SUM(D3:D16) -> 418333.33 | E20: =SUM(E3:E19) -> 15084109 | F20: =SUM(F3:F19) -> 14097298 | G20: =SUM(G3:G16) -> 27254 | H20: =SUM(H3:H19)/16 -> 491.79579 | I20: 423 | J20: =(H20-I20)/H20 -> 0.1398869 | K20: =(E20-C20)/$E$36 -> 184109.25 | L20: =F20/C20 -> 0.94612741 | N20: =SUM(N3:N16) -> 261117.06 | O20: =SUM(O3:O15) -> 321581.08 | P20: =SUM(N20/$E$36) -> 261117.06 | Q20: =SUM(Q3:Q9) -> 229859.42 | R20: =SUM(R3:R9) -> 5056907.2 | S20: =SUM(S3:S9) -> 6.3208232 | T20: =SUM(T3:T9) -> -456514.08 | U20: =SUM(U3:U9) -> -456514.08 | V20: =SUM(V3:V9) -> -498015.36 | W20: =SUM(W3:W9) -> -498015.36 | X20: =E20/$E$20 -> 1 | Y20: =SUM(Y3:Y9) -> #DIV/0! | Z20: =SUM(Z3:Z9) -> 5085239.8 | AA20: =SUM(AA3:AA9) -> 4752560.5 | AB20: =SUM(AB3:AB9) -> 6015012.8 | AC20: =AB20-AA20 -> 1262452.3 | AD20: =(AB20-AA20)/AA20 -> 0.26563624 | AE20: =SUM(AE3:AE9) -> 6767858.2 | AF20: =SUM(AF3:AF9) -> 6325101.1 | AG20: =SUM(AG3:AG9) -> 6015012.8 | AH20: =AG20-AF20 -> -310088.32 | AI20: =(AG20-AF20)/AF20 -> -0.049025037 | AJ20: =SUM(AJ3:AJ9) -> 1331771 | AK20: =SUM(AK3:AK9) -> 1422081.5 | AL20: =SUM(AL3:AL9) -> 1652005 | AM20: =SUM(AM3:AM9) -> 1633048.7 | AN20: =SUM(AN3:AN9) -> 1791342.5 | AO20: =AN20-AM20 -> 158293.8 | AP20: =(AN20-AM20)/AM20 -> 0.096931463 | AS20: ยอดรวม | AT20: =SUM(AT3:AT16) -> 12550000 | AU20: =SUM(AU3:AU16) -> 12288883 | AV20: =AU20/$D$36 -> 438888.68 | AW20: =(AV20*$E$36)+AU20 -> 12727772 | AX20: =AW20/AT20 -> 1.0141651 | AY20: =(AV20*50%)+AV20 -> 658333.01 | AZ20: =(AY20*$E$36)+AU20 -> 12947216 | BA20: =AZ20/AT20 -> 1.0316507
A21: TOTAL ALL STORE | B21: =SUM(B3:B15) -> 12572500 | C21: =SUM(C3:C19) -> 14900000 | D21: =C21/31 -> 480645.16 | E21: =SUM(E3:E19) -> 15084109 | F21: =SUM(F3:F19) -> 14097298 | G21: =SUM(G3:G16) -> 27254 | H21: =SUM(H3:H19)/16 -> 491.79579 | I21: 423 | J21: =(H21-I21)/H21 -> 0.1398869 | K21: =(E21-C21)/$E$36 -> 184109.25 | L21: =F21/C21 -> 0.94612741 | N21: =SUM(N3:N16) -> 261117.06 | O21: =N21/$E$36 -> 261117.06 | P21: =SUM(N21/$E$36) -> 261117.06 | Q21: =E21/$D$36 -> 538718.19 | R21: =Q21*22 -> 11851800 | S21: =R21/C21 -> 0.79542283 | T21: =SUM(T3:T15) -> 353739.19 | U21: =T21/$E$36 -> 353739.19 | V21: =SUM(V3:V15) -> 385897.3 | W21: =SUM(V21/$E$36) -> 385897.3 | X21: =E21/$E$21 -> 1 | Y21: =E21/H36 -> #DIV/0! | Z21: =SUM(Z2:Z20) -> 14126428 | AA21: =SUM(AA3:AA19) -> 8447818 | AB21: =SUM(AB3:AB19) -> 14097298 | AC21: =AB21-AA21 -> 5649480.4 | AD21: =(AB21-AA21)/AA21 -> 0.66875025 | AE21: =SUM(AE3:AE16) -> 13900252 | AF21: =SUM(AF3:AF19) -> 14731173 | AG21: =SUM(AG3:AG19) -> 14097298 | AH21: =AG21-AF21 -> -633875 | AI21: =(AG21-AF21)/AF21 -> -0.043029498 | AJ21: =SUM(AJ3:AJ19) -> 3248828.5 | AK21: =SUM(AK3:AK19) -> 3373702.5 | AL21: =SUM(AL3:AL15) -> 3144658.5 | AM21: =SUM(AM3:AM15) -> 3089725.7 | AN21: =SUM(AN3:AN15) -> 3429310.5 | AO21: =AN21-AM21 -> 339584.8 | AP21: =(AN21-AM21)/AM21 -> 0.10990775 | AW21: =(AW20*7)/100+AW20 -> 13618716
E23: =SUM(E21-C21) -> 184109.25 | F23: =SUM(F21-C21) -> -802701.64 | K23: ขาดอีก | L23: =SUM(L21-100%) -> -0.053872593
C26: =C21-F21 -> 802701.64 | I26: =SUM(I3:I15) -> 5112 | J26: =I26/15 -> 340.8
W28: Yuedpao สาขา Fashion Island
W29: Yuedpao สาขา SIAM SQUARE
W30: Yuedpao สาขา Central Festival เชียงใหม่
W31: Yuedpao สาขา Central อุบลราชธานี
W32: Yuedpao สาขา Central เชียงใหม่แอร์พอร์ต
W33: Yuedpao สาขา The Mall บางกะปิ
D34: แก้ไขตัวเลข | H34: แก้ไขตัวเลข | W34: Yuedpao สาขา จตุจักรโครงการ 28
D35: วันนี้ | E35: วันคงเหลือ | H35: ยอดขายรวมทั้งหมด | W35: Yuedpao สาขา Central เชียงราย
D36: 28 | E36: =29-D36 -> 1 | W36: Yuedpao สาขา จตุจักรโครงการ 22 ริมถนน
W37: Yuedpao สาขา Central รามอินทรา
W38: Yuedpao สาขา Central นครสวรรค์
W39: Yuedpao สาขา จตุจักรโครงการ 6
W40: Yuedpao สาขา BTS สยาม
W41: Yuedpao สาขา BTS หมอชิต
W42: Yuedpao สาขา Robinson บุรีรัมย์
A43: สาขา | C43: TARGET | D43: SALE OUT
A44: Yuedpao สาขา Mega บางนา | C44: =C3 -> 900000 | D44: =E3 -> 982007.5
A45: Yuedpao สาขา The Mall โคราช | C45: =C4 -> 750000 | D45: =E4 -> 784810.5
A46: Yuedpao สาขา SIAM SQUARE | C46: =C5 -> 950000 | D46: =E5 -> 973986.2
A47: Yuedpao สาขา Central ระยอง | C47: =C6 -> 1000000 | D47: =E6 -> 1286829.5
A48: Yuedpao สาขา Central โคราช | C48: =C7 -> 500000 | D48: =E7 -> 610704.5
A49: Yuedpao สาขา Robinson บุรีรัมย์ | C49: =C8 -> 500000 | D49: =E8 -> 575938
A50: Yuedpao สาขา MAYA เชียงใหม่ | C50: =C9 -> 1000000 | D50: =E9 -> 1221787.5
A51: Yuedpao สาขา Future Park Rangsit ชั้น 3 | C51: =C11 -> 2200000 | D51: =E11 -> 1807232
A52: Yuedpao สาขา Central Festival เชียงใหม่ | C52: =C12 -> 1200000 | D52: =E12 -> 1159000.5
A53: Yuedpao สาขา Central พัทยา | C53: =C13 -> 600000 | D53: =E13 -> 691868
A54: Yuedpao สาขา Central ปิ่นเกล้า | C54: =C14 -> 1800000 | D54: =E14 -> 1737483.5
A55: Yuedpao สาขา I am China Town | C55: =C15 -> 350000 | D55: =E15 -> 396760.54
A56: Yuedpao สาขา Robinson ชลบุรี | C56: =C16 -> 800000 | D56: =E16 -> 920696.51
A57: Yuedpao สาขา Big C อำนาจเจริญ | C57: =C17 -> 550000 | D57: =E17 -> 384029.5
A58: Yuedpao สาขา Robinson แม่สอด | C58: =C18 -> 800000 | D58: =E18 -> 770581
A59: Yuedpao สาขา Sermthai Complex มหาสารคาม | C59: =C19 -> 1000000 | D59: =E19 -> 780394

Sheet ALL SHOP
A1: สาขา | B1: TARGET | C1: SALE OUT | D1: SALE OUT | E1: %TARGET | F1: 2024 | G1: 2025 | H1: DIFT
A2: GENG | L2: Group Area | M2: Target | N2: Sale out | O2: % | P2: YoY
A3: Yuedpao สาขา Central ลาดพร้าว | B3: =_xlfn.XLOOKUP(A3,'Target ปี 2026'!B:B,'Target ปี 2026'!C:C,0,0) -> 1800000 | C3: =_xlfn.XLOOKUP(A3,ยอดขายปัจจุบัน!B:B,ยอดขายปัจจุบัน!D:D,0,0) -> 2090030.8 | D3: =C3*100/107 -> 1953299.8 | E3: =D3/B3 -> 1.0851666 | F3: =_xlfn.XLOOKUP(A3,ยอดขายปีที่แล้ว!B:B,ยอดขายปีที่แล้ว!D:D,0,0) -> 1698672 | G3: =_xlfn.XLOOKUP(A3,ยอดขายปัจจุบัน!B:B,ยอดขายปัจจุบัน!D:D,0,0) -> 2090030.8 | H3: =G3-F3 -> 391358.79 | I3: =(G3-F3)/F3 -> 0.23039103 | L3: =A2 -> GENG | M3: =B17 -> 18200000 | N3: =D17 -> 18686242 | O3: =E17 -> 1.0267166 | P3: =H17 -> 4387272.3 | Q3: =I17 -> 0.28110914
A4: Yuedpao สาขา Central ขอนแก่น | B4: =_xlfn.XLOOKUP(A4,'Target ปี 2026'!B:B,'Target ปี 2026'!C:C,0,0) -> 1500000 | C4: =_xlfn.XLOOKUP(A4,ยอดขายปัจจุบัน!B:B,ยอดขายปัจจุบัน!D:D,0,0) -> 1664499.2 | D4: =C4*100/107 -> 1555606.7 | E4: =D4/B4 -> 1.0370711 | F4: =_xlfn.XLOOKUP(A4,ยอดขายปีที่แล้ว!B:B,ยอดขายปีที่แล้ว!D:D,0,0) -> 1420659 | G4: =_xlfn.XLOOKUP(A4,ยอดขายปัจจุบัน!B:B,ยอดขายปัจจุบัน!D:D,0,0) -> 1664499.2 | H4: =G4-F4 -> 243840.16 | I4: =(G4-F4)/F4 -> 0.17163877 | L4: =A19 -> BOOM | M4: =B34 -> 14020000 | N4: =D34 -> 13034645 | O4: =E34 -> 0.92971793 | P4: =H34 -> 2730339.1 | Q4: =I34 -> 0.24341664
A5: Yuedpao สาขา Robinson บ่อวิน | B5: =_xlfn.XLOOKUP(A5,'Target ปี 2026'!B:B,'Target ปี 2026'!C:C,0,0) -> 1400000 | C5: =_xlfn.XLOOKUP(A5,ยอดขายปัจจุบัน!B:B,ยอดขายปัจจุบัน!D:D,0,0) -> 1527520 | D5: =C5*100/107 -> 1427588.8 | E5: =D5/B5 -> 1.0197063 | F5: =_xlfn.XLOOKUP(A5,ยอดขายปีที่แล้ว!B:B,ยอดขายปีที่แล้ว!D:D,0,0) -> 1288663.5 | G5: =_xlfn.XLOOKUP(A5,ยอดขายปัจจุบัน!B:B,ยอดขายปัจจุบัน!D:D,0,0) -> 1527520 | H5: =G5-F5 -> 238856.54 | I5: =(G5-F5)/F5 -> 0.18535215 | L5: =A36 -> BEN | M5: =B51 -> 14450000 | N5: =D51 -> 14797076 | O5: =E51 -> 1.0240191 | P5: =G51 -> 15832872 | Q5: =I51 -> 0.31878371
A6: Yuedpao สาขา Central พระราม 2 | B6: =_xlfn.XLOOKUP(A6,'Target ปี 2026'!B:B,'Target ปี 2026'!C:C,0,0) -> 1500000 | C6: =_xlfn.XLOOKUP(A6,ยอดขายปัจจุบัน!B:B,ยอดขายปัจจุบัน!D:D,0,0) -> 1484213 | D6: =C6*100/107 -> 1387115 | E6: =D6/B6 -> 0.9247433 | F6: =_xlfn.XLOOKUP(A6,ยอดขายปีที่แล้ว!B:B,ยอดขายปีที่แล้ว!D:D,0,0) -> 1401769.2 | G6: =_xlfn.XLOOKUP(A6,ยอดขายปัจจุบัน!B:B,ยอดขายปัจจุบัน!D:D,0,0) -> 1484213 | H6: =G6-F6 -> 82443.8 | I6: =(G6-F6)/F6 -> 0.058814104 | L6: =A53 -> PIM | M6: =B68 -> 11500000 | N6: =D68 -> 11505029 | O6: =E68 -> 1.0004373 | P6: =G68 -> 12310381 | Q6: =I68 -> 0.23791991
A7: Yuedpao สาขา Central พิษณุโลก | B7: =_xlfn.XLOOKUP(A7,'Target ปี 2026'!B:B,'Target ปี 2026'!C:C,0,0) -> 1200000 | C7: =_xlfn.XLOOKUP(A7,ยอดขายปัจจุบัน!B:B,ยอดขายปัจจุบัน!D:D,0,0) -> 1403772 | D7: =C7*100/107 -> 1311936.4 | E7: =D7/B7 -> 1.0932804 | F7: =_xlfn.XLOOKUP(A7,ยอดขายปีที่แล้ว!B:B,ยอดขายปีที่แล้ว!D:D,0,0) -> 1118056.5 | G7: =_xlfn.XLOOKUP(A7,ยอดขายปัจจุบัน!B:B,ยอดขายปัจจุบัน!D:D,0,0) -> 1403772 | H7: =G7-F7 -> 285715.5 | I7: =(G7-F7)/F7 -> 0.25554657 | L7: =A53 -> PIM | M7: =B84 -> 9300000 | N7: =D84 -> 9756024.5 | O7: =E84 -> 1.0490349 | P7: =H84 -> 3455181.8 | Q7: =I84 -> 0.49474488
A8: Yuedpao สาขา Robinson ฉะเชิงเทรา | B8: =_xlfn.XLOOKUP(A8,'Target ปี 2026'!B:B,'Target ปี 2026'!C:C,0,0) -> 1400000 | C8: =_xlfn.XLOOKUP(A8,ยอดขายปัจจุบัน!B:B,ยอดขายปัจจุบัน!D:D,0,0) -> 1199059 | D8: =C8*100/107 -> 1120615.9 | E8: =D8/B8 -> 0.80043992 | F8: =_xlfn.XLOOKUP(A8,ยอดขายปีที่แล้ว!B:B,ยอดขายปีที่แล้ว!D:D,0,0) -> 868644.6 | G8: =_xlfn.XLOOKUP(A8,ยอดขายปัจจุบัน!B:B,ยอดขายปัจจุบัน!D:D,0,0) -> 1199059 | H8: =G8-F8 -> 330414.4 | I8: =(G8-F8)/F8 -> 0.38037927
A9: Yuedpao สาขา Central มหาชัย | B9: =_xlfn.XLOOKUP(A9,'Target ปี 2026'!B:B,'Target ปี 2026'!C:C,0,0) -> 900000 | C9: =_xlfn.XLOOKUP(A9,ยอดขายปัจจุบัน!B:B,ยอดขายปัจจุบัน!D:D,0,0) -> 939354 | D9: =C9*100/107 -> 877900.93 | E9: =D9/B9 -> 0.97544548 | F9: =_xlfn.XLOOKUP(A9,ยอดขายปีที่แล้ว!B:B,ยอดขายปีที่แล้ว!D:D,0,0) -> 818065 | G9: =_xlfn.XLOOKUP(A9,ยอดขายปัจจุบัน!B:B,ยอดขายปัจจุบัน!D:D,0,0) -> 939354 | H9: =G9-F9 -> 121289 | I9: =(G9-F9)/F9 -> 0.14826328 | L9: All group | M9: =SUM(M3:M7) -> 67470000 | N9: =SUM(N3:N7) -> 67779018 | O9: =N9/M9 -> 1.0045801 | P9: =H86 -> 16765975 | Q9: =I86 -> 0.30069413
A10: Yuedpao สาขา Robinson บุรีรัมย์ | B10: =_xlfn.XLOOKUP(A10,'Target ปี 2026'!B:B,'Target ปี 2026'!C:C,0,0) -> 500000 | C10: =_xlfn.XLOOKUP(A10,ยอดขายปัจจุบัน!B:B,ยอดขายปัจจุบัน!D:D,0,0) -> 575938 | D10: =C10*100/107 -> 538259.81 | E10: =D10/B10 -> 1.0765196 | F10: =_xlfn.XLOOKUP(A10,ยอดขายปีที่แล้ว!B:B,ยอดขายปีที่แล้ว!D:D,0,0) -> 365093 | G10: =_xlfn.XLOOKUP(A10,ยอดขายปัจจุบัน!B:B,ยอดขายปัจจุบัน!D:D,0,0) -> 575938 | H10: =G10-F10 -> 210845 | I10: =(G10-F10)/F10 -> 0.57751039
A11: Yuedpao สาขา Central สุราษฎร์ธานี | B11: =_xlfn.XLOOKUP(A11,'Target ปี 2026'!B:B,'Target ปี 2026'!C:C,0,0) -> 1300000 | C11: =_xlfn.XLOOKUP(A11,ยอดขายปัจจุบัน!B:B,ยอดขายปัจจุบัน!D:D,0,0) -> 1549871.5 | D11: =C11*100/107 -> 1448478 | E11: =D11/B11 -> 1.1142139 | F11: =_xlfn.XLOOKUP(A11,ยอดขายปีที่แล้ว!B:B,ยอดขายปีที่แล้ว!D:D,0,0) -> 1262257.5 | G11: =_xlfn.XLOOKUP(A11,ยอดขายปัจจุบัน!B:B,ยอดขายปัจจุบัน!D:D,0,0) -> 1549871.5 | H11: =G11-F11 -> 287614.01 | I11: =(G11-F11)/F11 -> 0.22785684
A12: Yuedpao สาขา Passione Shopping Destination ระยอง | B12: =_xlfn.XLOOKUP(A12,'Target ปี 2026'!B:B,'Target ปี 2026'!C:C,0,0) -> 600000 | C12: =_xlfn.XLOOKUP(A12,ยอดขายปัจจุบัน!B:B,ยอดขายปัจจุบัน!D:D,0,0) -> 719550.5 | D12: =C12*100/107 -> 672477.1 | E12: =D12/B12 -> 1.1207952 | F12: =_xlfn.XLOOKUP(A12,ยอดขายปีที่แล้ว!B:B,ยอดขายปีที่แล้ว!D:D,0,0) -> 554429 | G12: =_xlfn.XLOOKUP(A12,ยอดขายปัจจุบัน!B:B,ยอดขายปัจจุบัน!D:D,0,0) -> 719550.5 | H12: =G12-F12 -> 165121.5 | I12: =(G12-F12)/F12 -> 0.29782262
A13: Yuedpao สาขา Future Park Rangsit (Flagship store) | B13: =_xlfn.XLOOKUP(A13,'Target ปี 2026'!B:B,'Target ปี 2026'!C:C,0,0) -> 1900000 | C13: =_xlfn.XLOOKUP(A13,ยอดขายปัจจุบัน!B:B,ยอดขายปัจจุบัน!D:D,0,0) -> 2127079.4 | D13: =C13*100/107 -> 1987924.7 | E13: =D13/B13 -> 1.0462761 | F13: =_xlfn.XLOOKUP(A13,ยอดขายปีที่แล้ว!B:B,ยอดขายปีที่แล้ว!D:D,0,0) -> 1624899.8 | G13: =_xlfn.XLOOKUP(A13,ยอดขายปัจจุบัน!B:B,ยอดขายปัจจุบัน!D:D,0,0) -> 2127079.4 | H13: =G13-F13 -> 502179.58 | I13: =(G13-F13)/F13 -> 0.30905264
A14: Yuedpao สาขา Seacon Square ศรีนครินทร์ | B14: =_xlfn.XLOOKUP(A14,'Target ปี 2026'!B:B,'Target ปี 2026'!C:C,0,0) -> 1000000 | C14: =_xlfn.XLOOKUP(A14,ยอดขายปัจจุบัน!B:B,ยอดขายปัจจุบัน!D:D,0,0) -> 1204375.5 | D14: =C14*100/107 -> 1125584.6 | E14: =D14/B14 -> 1.1255846 | F14: =_xlfn.XLOOKUP(A14,ยอดขายปีที่แล้ว!B:B,ยอดขายปีที่แล้ว!D:D,0,0) -> 957870 | G14: =_xlfn.XLOOKUP(A14,ยอดขายปัจจุบัน!B:B,ยอดขายปัจจุบัน!D:D,0,0) -> 1204375.5 | H14: =G14-F14 -> 246505.5 | I14: =(G14-F14)/F14 -> 0.25734755
A15: Yuedpao สาขา Central นครสวรรค์ | B15: =_xlfn.XLOOKUP(A15,'Target ปี 2026'!B:B,'Target ปี 2026'!C:C,0,0) -> 1000000 | C15: =_xlfn.XLOOKUP(A15,ยอดขายปัจจุบัน!B:B,ยอดขายปัจจุบัน!D:D,0,0) -> 989396.5 | D15: =C15*100/107 -> 924669.63 | E15: =D15/B15 -> 0.92466963 | F15: =_xlfn.XLOOKUP(A15,ยอดขายปีที่แล้ว!B:B,ยอดขายปีที่แล้ว!D:D,0,0) -> 831565 | G15: =_xlfn.XLOOKUP(A15,ยอดขายปัจจุบัน!B:B,ยอดขายปัจจุบัน!D:D,0,0) -> 989396.5 | H15: =G15-F15 -> 157831.5 | I15: =(G15-F15)/F15 -> 0.18980056
A16: Yuedpao สาขา Central หาดใหญ่ | B16: =_xlfn.XLOOKUP(A16,'Target ปี 2026'!B:B,'Target ปี 2026'!C:C,0,0) -> 2200000 | C16: =_xlfn.XLOOKUP(A16,ยอดขายปัจจุบัน!B:B,ยอดขายปัจจุบัน!D:D,0,0) -> 2519620 | D16: =C16*100/107 -> 2354785 | E16: =D16/B16 -> 1.0703568 | F16: =_xlfn.XLOOKUP(A16,ยอดขายปีที่แล้ว!B:B,ยอดขายปีที่แล้ว!D:D,0,0) -> 1396363 | G16: =_xlfn.XLOOKUP(A16,ยอดขายปัจจุบัน!B:B,ยอดขายปัจจุบัน!D:D,0,0) -> 2519620 | H16: =G16-F16 -> 1123257 | I16: =(G16-F16)/F16 -> 0.80441619
A17: Total | B17: =SUM(B3:B16) -> 18200000 | C17: =_xlfn.XLOOKUP(A17,ยอดขายปัจจุบัน!B:B,ยอดขายปัจจุบัน!D:D,0,0) -> 0 | D17: =SUM(D3:D16) -> 18686242 | E17: =D17/B17 -> 1.0267166 | F17: =SUM(F3:F16) -> 15607007 | G17: =SUM(G3:G16) -> 19994279 | H17: =G17-F17 -> 4387272.3 | I17: =(G17-F17)/F17 -> 0.28110914
C18: =_xlfn.XLOOKUP(A18,ยอดขายปัจจุบัน!B:B,ยอดขายปัจจุบัน!D:D,0,0) -> 0
A19: BOOM | C19: =_xlfn.XLOOKUP(A19,ยอดขายปัจจุบัน!B:B,ยอดขายปัจจุบัน!D:D,0,0) -> 0
A20: Yuedpao สาขา Future Park Rangsit ชั้น 3 | B20: =_xlfn.XLOOKUP(A20,'Target ปี 2026'!B:B,'Target ปี 2026'!C:C,0,0) -> 2200000 | C20: =_xlfn.XLOOKUP(A20,ยอดขายปัจจุบัน!B:B,ยอดขายปัจจุบัน!D:D,0,0) -> 1807232 | D20: =C20*100/107 -> 1689001.9 | E20: =D20/B20 -> 0.76772812 | F20: =_xlfn.XLOOKUP(A20,ยอดขายปีที่แล้ว!B:B,ยอดขายปีที่แล้ว!D:D,0,0) -> 1688582.5 | G20: =_xlfn.XLOOKUP(A20,ยอดขายปัจจุบัน!B:B,ยอดขายปัจจุบัน!D:D,0,0) -> 1807232 | H20: =G20-F20 -> 118649.5 | I20: =(G20-F20)/F20 -> 0.070265741
A21: Yuedpao สาขา Central เวสต์เกต | B21: =_xlfn.XLOOKUP(A21,'Target ปี 2026'!B:B,'Target ปี 2026'!C:C,0,0) -> 2000000 | C21: =_xlfn.XLOOKUP(A21,ยอดขายปัจจุบัน!B:B,ยอดขายปัจจุบัน!D:D,0,0) -> 2022108 | D21: =C21*100/107 -> 1889820.6 | E21: =D21/B21 -> 0.94491028 | F21: =_xlfn.XLOOKUP(A21,ยอดขายปีที่แล้ว!B:B,ยอดขายปีที่แล้ว!D:D,0,0) -> 1825624.5 | G21: =_xlfn.XLOOKUP(A21,ยอดขายปัจจุบัน!B:B,ยอดขายปัจจุบัน!D:D,0,0) -> 2022108 | H21: =G21-F21 -> 196483.5 | I21: =(G21-F21)/F21 -> 0.10762536
A22: Yuedpao สาขา Robinson ภูเก็ต | B22: =_xlfn.XLOOKUP(A22,'Target ปี 2026'!B:B,'Target ปี 2026'!C:C,0,0) -> 0 | C22: =_xlfn.XLOOKUP(A22,ยอดขายปัจจุบัน!B:B,ยอดขายปัจจุบัน!D:D,0,0) -> 0 | D22: =C22*100/107 -> 0 | E22: =D22/B22 -> #DIV/0! | F22: =_xlfn.XLOOKUP(A22,ยอดขายปีที่แล้ว!B:B,ยอดขายปีที่แล้ว!D:D,0,0) -> 0 | G22: =_xlfn.XLOOKUP(A22,ยอดขายปัจจุบัน!B:B,ยอดขายปัจจุบัน!D:D,0,0) -> 0 | H22: =G22-F22 -> 0 | I22: =(G22-F22)/F22 -> #DIV/0!
A23: Yuedpao สาขา Central ภูเก็ต | B23: =_xlfn.XLOOKUP(A23,'Target ปี 2026'!B:B,'Target ปี 2026'!C:C,0,0) -> 1200000 | C23: =_xlfn.XLOOKUP(A23,ยอดขายปัจจุบัน!B:B,ยอดขายปัจจุบัน!D:D,0,0) -> 1363201.5 | D23: =C23*100/107 -> 1274020.1 | E23: =D23/B23 -> 1.0616834 | F23: =_xlfn.XLOOKUP(A23,ยอดขายปีที่แล้ว!B:B,ยอดขายปีที่แล้ว!D:D,0,0) -> 1105513 | G23: =_xlfn.XLOOKUP(A23,ยอดขายปัจจุบัน!B:B,ยอดขายปัจจุบัน!D:D,0,0) -> 1363201.5 | H23: =G23-F23 -> 257688.5 | I23: =(G23-F23)/F23 -> 0.23309405
A24: Yuedpao สาขา The Mall บางแค | B24: =_xlfn.XLOOKUP(A24,'Target ปี 2026'!B:B,'Target ปี 2026'!C:C,0,0) -> 2200000 | C24: =_xlfn.XLOOKUP(A24,ยอดขายปัจจุบัน!B:B,ยอดขายปัจจุบัน!D:D,0,0) -> 1579229.6 | D24: =C24*100/107 -> 1475915.5 | E24: =D24/B24 -> 0.67087067 | F24: =_xlfn.XLOOKUP(A24,ยอดขายปีที่แล้ว!B:B,ยอดขายปีที่แล้ว!D:D,0,0) -> 971482 | G24: =_xlfn.XLOOKUP(A24,ยอดขายปัจจุบัน!B:B,ยอดขายปัจจุบัน!D:D,0,0) -> 1579229.6 | H24: =G24-F24 -> 607747.55 | I24: =(G24-F24)/F24 -> 0.62558807
A25: Yuedpao สาขา Central ระยอง | B25: =_xlfn.XLOOKUP(A25,'Target ปี 2026'!B:B,'Target ปี 2026'!C:C,0,0) -> 1000000 | C25: =_xlfn.XLOOKUP(A25,ยอดขายปัจจุบัน!B:B,ยอดขายปัจจุบัน!D:D,0,0) -> 1286829.5 | D25: =C25*100/107 -> 1202644.4 | E25: =D25/B25 -> 1.2026444 | F25: =_xlfn.XLOOKUP(A25,ยอดขายปีที่แล้ว!B:B,ยอดขายปีที่แล้ว!D:D,0,0) -> 978405 | G25: =_xlfn.XLOOKUP(A25,ยอดขายปัจจุบัน!B:B,ยอดขายปัจจุบัน!D:D,0,0) -> 1286829.5 | H25: =G25-F25 -> 308424.5 | I25: =(G25-F25)/F25 -> 0.31523193
A26: Yuedpao สาขา Robinson ฉลอง ภูเก็ต | B26: =_xlfn.XLOOKUP(A26,'Target ปี 2026'!B:B,'Target ปี 2026'!C:C,0,0) -> 650000 | C26: =_xlfn.XLOOKUP(A26,ยอดขายปัจจุบัน!B:B,ยอดขายปัจจุบัน!D:D,0,0) -> 638815 | D26: =C26*100/107 -> 597023.36 | E26: =D26/B26 -> 0.91849748 | F26: =_xlfn.XLOOKUP(A26,ยอดขายปีที่แล้ว!B:B,ยอดขายปีที่แล้ว!D:D,0,0) -> 368727 | G26: =_xlfn.XLOOKUP(A26,ยอดขายปัจจุบัน!B:B,ยอดขายปัจจุบัน!D:D,0,0) -> 638815 | H26: =G26-F26 -> 270088 | I26: =(G26-F26)/F26 -> 0.73248772
A27: Yuedpao สาขา Robinson ลพบุรี | B27: =_xlfn.XLOOKUP(A27,'Target ปี 2026'!B:B,'Target ปี 2026'!C:C,0,0) -> 950000 | C27: =_xlfn.XLOOKUP(A27,ยอดขายปัจจุบัน!B:B,ยอดขายปัจจุบัน!D:D,0,0) -> 979113.5 | D27: =C27*100/107 -> 915059.35 | E27: =D27/B27 -> 0.96322036 | F27: =_xlfn.XLOOKUP(A27,ยอดขายปีที่แล้ว!B:B,ยอดขายปีที่แล้ว!D:D,0,0) -> 825230.11 | G27: =_xlfn.XLOOKUP(A27,ยอดขายปัจจุบัน!B:B,ยอดขายปัจจุบัน!D:D,0,0) -> 979113.5 | H27: =G27-F27 -> 153883.39 | I27: =(G27-F27)/F27 -> 0.18647331
A28: Yuedpao สาขา Central World | B28: =_xlfn.XLOOKUP(A28,'Target ปี 2026'!B:B,'Target ปี 2026'!C:C,0,0) -> 650000 | C28: =_xlfn.XLOOKUP(A28,ยอดขายปัจจุบัน!B:B,ยอดขายปัจจุบัน!D:D,0,0) -> 669665 | D28: =C28*100/107 -> 625855.14 | E28: =D28/B28 -> 0.96285406 | F28: =_xlfn.XLOOKUP(A28,ยอดขายปีที่แล้ว!B:B,ยอดขายปีที่แล้ว!D:D,0,0) -> 613787 | G28: =_xlfn.XLOOKUP(A28,ยอดขายปัจจุบัน!B:B,ยอดขายปัจจุบัน!D:D,0,0) -> 669665 | H28: =G28-F28 -> 55878 | I28: =(G28-F28)/F28 -> 0.091038096
A29: Yuedpao สาขา Central จันทบุรี | B29: =_xlfn.XLOOKUP(A29,'Target ปี 2026'!B:B,'Target ปี 2026'!C:C,0,0) -> 900000 | C29: =_xlfn.XLOOKUP(A29,ยอดขายปัจจุบัน!B:B,ยอดขายปัจจุบัน!D:D,0,0) -> 814290.5 | D29: =C29*100/107 -> 761019.16 | E29: =D29/B29 -> 0.84557684 | F29: =_xlfn.XLOOKUP(A29,ยอดขายปีที่แล้ว!B:B,ยอดขายปีที่แล้ว!D:D,0,0) -> 947759.5 | G29: =_xlfn.XLOOKUP(A29,ยอดขายปัจจุบัน!B:B,ยอดขายปัจจุบัน!D:D,0,0) -> 814290.5 | H29: =G29-F29 -> -133469 | I29: =(G29-F29)/F29 -> -0.14082581
A30: Yuedpao สาขา Central พัทยา | B30: =_xlfn.XLOOKUP(A30,'Target ปี 2026'!B:B,'Target ปี 2026'!C:C,0,0) -> 600000 | C30: =_xlfn.XLOOKUP(A30,ยอดขายปัจจุบัน!B:B,ยอดขายปัจจุบัน!D:D,0,0) -> 691868 | D30: =C30*100/107 -> 646605.61 | E30: =D30/B30 -> 1.077676 | F30: =_xlfn.XLOOKUP(A30,ยอดขายปีที่แล้ว!B:B,ยอดขายปีที่แล้ว!D:D,0,0) -> 483471 | G30: =_xlfn.XLOOKUP(A30,ยอดขายปัจจุบัน!B:B,ยอดขายปัจจุบัน!D:D,0,0) -> 691868 | H30: =G30-F30 -> 208397 | I30: =(G30-F30)/F30 -> 0.43104343
A31: Yuedpao สาขา Central สมุย | B31: =_xlfn.XLOOKUP(A31,'Target ปี 2026'!B:B,'Target ปี 2026'!C:C,0,0) -> 700000 | C31: =_xlfn.XLOOKUP(A31,ยอดขายปัจจุบัน!B:B,ยอดขายปัจจุบัน!D:D,0,0) -> 765501 | D31: =C31*100/107 -> 715421.5 | E31: =D31/B31 -> 1.0220307 | F31: =_xlfn.XLOOKUP(A31,ยอดขายปีที่แล้ว!B:B,ยอดขายปีที่แล้ว!D:D,0,0) -> 924631.5 | G31: =_xlfn.XLOOKUP(A31,ยอดขายปัจจุบัน!B:B,ยอดขายปัจจุบัน!D:D,0,0) -> 765501 | H31: =G31-F31 -> -159130.5 | I31: =(G31-F31)/F31 -> -0.17210153
... A33: Yuedpao สาขา Big C ยะลา | B33: =_xlfn.XLOOKUP(A33,'Target ปี 2026'!B:B,'Target ปี 2026'!C:C,0,0) -> 500000 | C33: =_xlfn.XLOOKUP(A33,ยอดขายปัจจุบัน!B:B,ยอดขายปัจจุบัน!D:D,0,0) -> 633447 | D33: =C33*100/107 -> 592006.54 | E33: =D33/B33 -> 1.1840131 | F33: =_xlfn.XLOOKUP(A33,ยอดขายปีที่แล้ว!B:B,ยอดขายปีที่แล้ว!D:D,0,0) -> 483518.39 | G33: =_xlfn.XLOOKUP(A33,ยอดขายปัจจุบัน!B:B,ยอดขายปัจจุบัน!D:D,0,0) -> 633447 | H33: =G33-F33 -> 149928.61 | I33: =(G33-F33)/F33 -> 0.3100784
A34: Total | B34: =SUM(B20:B33) -> 14020000 | C34: =_xlfn.XLOOKUP(A34,ยอดขายปัจจุบัน!B:B,ยอดขายปัจจุบัน!D:D,0,0) -> 0 | D34: =SUM(D20:D33) -> 13034645 | E34: =D34/B34 -> 0.92971793 | F34: =SUM(F20:F33) -> 11216732 | G34: =SUM(G20:G33) -> 13947071 | H34: =G34-F34 -> 2730339.1 | I34: =(G34-F34)/F34 -> 0.24341664
C35: =_xlfn.XLOOKUP(A35,ยอดขายปัจจุบัน!B:B,ยอดขายปัจจุบัน!D:D,0,0) -> 0
A36: BEN | C36: =_xlfn.XLOOKUP(A36,ยอดขายปัจจุบัน!B:B,ยอดขายปัจจุบัน!D:D,0,0) -> 0
A37: Yuedpao สาขา Fashion Island | B37: =_xlfn.XLOOKUP(A37,'Target ปี 2026'!B:B,'Target ปี 2026'!C:C,0,0) -> 1800000 | C37: =_xlfn.XLOOKUP(A37,ยอดขายปัจจุบัน!B:B,ยอดขายปัจจุบัน!D:D,0,0) -> 1799497.9 | D37: =C37*100/107 -> 1681773.8 | E37: =D37/B37 -> 0.93431876 | F37: =_xlfn.XLOOKUP(A37,ยอดขายปีที่แล้ว!B:B,ยอดขายปีที่แล้ว!D:D,0,0) -> 1687356.5 | G37: =_xlfn.XLOOKUP(A37,ยอดขายปัจจุบัน!B:B,ยอดขายปัจจุบัน!D:D,0,0) -> 1799497.9 | H37: =G37-F37 -> 112141.43 | I37: =(G37-F37)/F37 -> 0.066459832
A38: Yuedpao สาขา Central อุบลราชธานี | B38: =_xlfn.XLOOKUP(A38,'Target ปี 2026'!B:B,'Target ปี 2026'!C:C,0,0) -> 1300000 | C38: =_xlfn.XLOOKUP(A38,ยอดขายปัจจุบัน!B:B,ยอดขายปัจจุบัน!D:D,0,0) -> 1668654 | D38: =C38*100/107 -> 1559489.7 | E38: =D38/B38 -> 1.1996075 | F38: =_xlfn.XLOOKUP(A38,ยอดขายปีที่แล้ว!B:B,ยอดขายปีที่แล้ว!D:D,0,0) -> 1122575.9 | G38: =_xlfn.XLOOKUP(A38,ยอดขายปัจจุบัน!B:B,ยอดขายปัจจุบัน!D:D,0,0) -> 1668654 | H38: =G38-F38 -> 546078.1 | I38: =(G38-F38)/F38 -> 0.48645094
A39: Yuedpao สาขา SIAM SQUARE | B39: =_xlfn.XLOOKUP(A39,'Target ปี 2026'!B:B,'Target ปี 2026'!C:C,0,0) -> 950000 | C39: =_xlfn.XLOOKUP(A39,ยอดขายปัจจุบัน!B:B,ยอดขายปัจจุบัน!D:D,0,0) -> 973986.2 | D39: =C39*100/107 -> 910267.48 | E39: =D39/B39 -> 0.95817629 | F39: =_xlfn.XLOOKUP(A39,ยอดขายปีที่แล้ว!B:B,ยอดขายปีที่แล้ว!D:D,0,0) -> 872143.25 | G39: =_xlfn.XLOOKUP(A39,ยอดขายปัจจุบัน!B:B,ยอดขายปัจจุบัน!D:D,0,0) -> 973986.2 | H39: =G39-F39 -> 101842.95 | I39: =(G39-F39)/F39 -> 0.11677319
A40: Yuedpao สาขา Central เชียงราย | B40: =_xlfn.XLOOKUP(A40,'Target ปี 2026'!B:B,'Target ปี 2026'!C:C,0,0) -> 950000 | C40: =_xlfn.XLOOKUP(A40,ยอดขายปัจจุบัน!B:B,ยอดขายปัจจุบัน!D:D,0,0) -> 1101680 | D40: =C40*100/107 -> 1029607.5 | E40: =D40/B40 -> 1.0837973 | F40: =_xlfn.XLOOKUP(A40,ยอดขายปีที่แล้ว!B:B,ยอดขายปีที่แล้ว!D:D,0,0) -> 844419 | G40: =_xlfn.XLOOKUP(A40,ยอดขายปัจจุบัน!B:B,ยอดขายปัจจุบัน!D:D,0,0) -> 1101680 | H40: =G40-F40 -> 257261 | I40: =(G40-F40)/F40 -> 0.30466036
A41: Yuedpao สาขา Robinson บ้านฉาง | B41: =_xlfn.XLOOKUP(A41,'Target ปี 2026'!B:B,'Target ปี 2026'!C:C,0,0) -> 600000 | C41: =_xlfn.XLOOKUP(A41,ยอดขายปัจจุบัน!B:B,ยอดขายปัจจุบัน!D:D,0,0) -> 605028 | D41: =C41*100/107 -> 565446.73 | E41: =D41/B41 -> 0.94241121 | F41: =_xlfn.XLOOKUP(A41,ยอดขายปีที่แล้ว!B:B,ยอดขายปีที่แล้ว!D:D,0,0) -> 474366 | G41: =_xlfn.XLOOKUP(A41,ยอดขายปัจจุบัน!B:B,ยอดขายปัจจุบัน!D:D,0,0) -> 605028 | H41: =G41-F41 -> 130662 | I41: =(G41-F41)/F41 -> 0.27544554
A42: Yuedpao สาขา Robinson ปราจีนบุรี | B42: =_xlfn.XLOOKUP(A42,'Target ปี 2026'!B:B,'Target ปี 2026'!C:C,0,0) -> 1000000 | C42: =_xlfn.XLOOKUP(A42,ยอดขายปัจจุบัน!B:B,ยอดขายปัจจุบัน!D:D,0,0) -> 1329973 | D42: =C42*100/107 -> 1242965.4 | E42: =D42/B42 -> 1.2429654 | F42: =_xlfn.XLOOKUP(A42,ยอดขายปีที่แล้ว!B:B,ยอดขายปีที่แล้ว!D:D,0,0) -> 929701 | G42: =_xlfn.XLOOKUP(A42,ยอดขายปัจจุบัน!B:B,ยอดขายปัจจุบัน!D:D,0,0) -> 1329973 | H42: =G42-F42 -> 400272 | I42: =(G42-F42)/F42 -> 0.43053842
A43: Yuedpao สาขา Central นครปฐม | B43: =_xlfn.XLOOKUP(A43,'Target ปี 2026'!B:B,'Target ปี 2026'!C:C,0,0) -> 1200000 | C43: =_xlfn.XLOOKUP(A43,ยอดขายปัจจุบัน!B:B,ยอดขายปัจจุบัน!D:D,0,0) -> 1355399 | D43: =C43*100/107 -> 1266728 | E43: =D43/B43 -> 1.0556067 | F43: =_xlfn.XLOOKUP(A43,ยอดขายปีที่แล้ว!B:B,ยอดขายปีที่แล้ว!D:D,0,0) -> 1041163 | G43: =_xlfn.XLOOKUP(A43,ยอดขายปัจจุบัน!B:B,ยอดขายปัจจุบัน!D:D,0,0) -> 1355399 | H43: =G43-F43 -> 314236 | I43: =(G43-F43)/F43 -> 0.30181249
A44: Yuedpao สาขา จตุจักรโครงการ 28 | B44: =_xlfn.XLOOKUP(A44,'Target ปี 2026'!B:B,'Target ปี 2026'!C:C,0,0) -> 400000 | C44: =_xlfn.XLOOKUP(A44,ยอดขายปัจจุบัน!B:B,ยอดขายปัจจุบัน!D:D,0,0) -> 455833.5 | D44: =C44*100/107 -> 426012.62 | E44: =D44/B44 -> 1.0650315 | F44: =_xlfn.XLOOKUP(A44,ยอดขายปีที่แล้ว!B:B,ยอดขายปีที่แล้ว!D:D,0,0) -> 800460 | G44: =_xlfn.XLOOKUP(A44,ยอดขายปัจจุบัน!B:B,ยอดขายปัจจุบัน!D:D,0,0) -> 455833.5 | H44: =G44-F44 -> -344626.5 | I44: =(G44-F44)/F44 -> -0.43053557
A45: Yuedpao สาขา The Mall โคราช | B45: =_xlfn.XLOOKUP(A45,'Target ปี 2026'!B:B,'Target ปี 2026'!C:C,0,0) -> 750000 | C45: =_xlfn.XLOOKUP(A45,ยอดขายปัจจุบัน!B:B,ยอดขายปัจจุบัน!D:D,0,0) -> 784810.5 | D45: =C45*100/107 -> 733467.76 | E45: =D45/B45 -> 0.97795701 | F45: =_xlfn.XLOOKUP(A45,ยอดขายปีที่แล้ว!B:B,ยอดขายปีที่แล้ว!D:D,0,0) -> 661468 | G45: =_xlfn.XLOOKUP(A45,ยอดขายปัจจุบัน!B:B,ยอดขายปัจจุบัน!D:D,0,0) -> 784810.5 | H45: =G45-F45 -> 123342.5 | I45: =(G45-F45)/F45 -> 0.18646783
A46: Yuedpao สาขา Central โคราช | B46: =_xlfn.XLOOKUP(A46,'Target ปี 2026'!B:B,'Target ปี 2026'!C:C,0,0) -> 500000 | C46: =_xlfn.XLOOKUP(A46,ยอดขายปัจจุบัน!B:B,ยอดขายปัจจุบัน!D:D,0,0) -> 610704.5 | D46: =C46*100/107 -> 570751.87 | E46: =D46/B46 -> 1.1415037 | F46: =_xlfn.XLOOKUP(A46,ยอดขายปีที่แล้ว!B:B,ยอดขายปีที่แล้ว!D:D,0,0) -> 374592 | G46: =_xlfn.XLOOKUP(A46,ยอดขายปัจจุบัน!B:B,ยอดขายปัจจุบัน!D:D,0,0) -> 610704.5 | H46: =G46-F46 -> 236112.5 | I46: =(G46-F46)/F46 -> 0.63031912
A47: Yuedpao สาขา Central เชียงใหม่แอร์พอร์ต | B47: =_xlfn.XLOOKUP(A47,'Target ปี 2026'!B:B,'Target ปี 2026'!C:C,0,0) -> 1000000 | C47: =_xlfn.XLOOKUP(A47,ยอดขายปัจจุบัน!B:B,ยอดขายปัจจุบัน!D:D,0,0) -> 1029033.5 | D47: =C47*100/107 -> 961713.55 | E47: =D47/B47 -> 0.96171355 | F47: =_xlfn.XLOOKUP(A47,ยอดขายปีที่แล้ว!B:B,ยอดขายปีที่แล้ว!D:D,0,0) -> 463178 | G47: =_xlfn.XLOOKUP(A47,ยอดขายปัจจุบัน!B:B,ยอดขายปัจจุบัน!D:D,0,0) -> 1029033.5 | H47: =G47-F47 -> 565855.5 | I47: =(G47-F47)/F47 -> 1.2216804
A48: Yuedpao สาขา Central ปิ่นเกล้า | B48: =_xlfn.XLOOKUP(A48,'Target ปี 2026'!B:B,'Target ปี 2026'!C:C,0,0) -> 1800000 | C48: =_xlfn.XLOOKUP(A48,ยอดขายปัจจุบัน!B:B,ยอดขายปัจจุบัน!D:D,0,0) -> 1737483.5 | D48: =C48*100/107 -> 1623816.4 | E48: =D48/B48 -> 0.9021202 | F48: =_xlfn.XLOOKUP(A48,ยอดขายปีที่แล้ว!B:B,ยอดขายปีที่แล้ว!D:D,0,0) -> 867796 | G48: =_xlfn.XLOOKUP(A48,ยอดขายปัจจุบัน!B:B,ยอดขายปัจจุบัน!D:D,0,0) -> 1737483.5 | H48: =G48-F48 -> 869687.5 | I48: =(G48-F48)/F48 -> 1.0021797
... A50: Yuedpao สาขา MAYA เชียงใหม่ | B50: =_xlfn.XLOOKUP(A50,'Target ปี 2026'!B:B,'Target ปี 2026'!C:C,0,0) -> 1000000 | C50: =_xlfn.XLOOKUP(A50,ยอดขายปัจจุบัน!B:B,ยอดขายปัจจุบัน!D:D,0,0) -> 1221787.5 | D50: =C50*100/107 -> 1141857.5 | E50: =D50/B50 -> 1.1418575 | F50: =_xlfn.XLOOKUP(A50,ยอดขายปีที่แล้ว!B:B,ยอดขายปีที่แล้ว!D:D,0,0) -> 952367.5 | G50: =_xlfn.XLOOKUP(A50,ยอดขายปัจจุบัน!B:B,ยอดขายปัจจุบัน!D:D,0,0) -> 1221787.5 | H50: =G50-F50 -> 269420 | I50: =(G50-F50)/F50 -> 0.282895
A51: Total | B51: =SUM(B37:B50) -> 14450000 | C51: =_xlfn.XLOOKUP(A51,ยอดขายปัจจุบัน!B:B,ยอดขายปัจจุบัน!D:D,0,0) -> 0 | D51: =SUM(D37:D50) -> 14797076 | E51: =D51/B51 -> 1.0240191 | F51: =SUM(F37:F50) -> 12005662 | G51: =SUM(G37:G50) -> 15832872 | H51: =G51-F51 -> 3827209.5 | I51: =(G51-F51)/F51 -> 0.31878371
C52: =_xlfn.XLOOKUP(A52,ยอดขายปัจจุบัน!B:B,ยอดขายปัจจุบัน!D:D,0,0) -> 0
A53: PIM | C53: =_xlfn.XLOOKUP(A53,ยอดขายปัจจุบัน!B:B,ยอดขายปัจจุบัน!D:D,0,0) -> 0
A54: Yuedpao สาขา Central พระราม 9 | B54: =_xlfn.XLOOKUP(A54,'Target ปี 2026'!B:B,'Target ปี 2026'!C:C,0,0) -> 850000 | C54: =_xlfn.XLOOKUP(A54,ยอดขายปัจจุบัน!B:B,ยอดขายปัจจุบัน!D:D,0,0) -> 895200.93 | D54: =C54*100/107 -> 836636.38 | E54: =D54/B54 -> 0.9842781 | F54: =_xlfn.XLOOKUP(A54,ยอดขายปีที่แล้ว!B:B,ยอดขายปีที่แล้ว!D:D,0,0) -> 864823.5 | G54: =_xlfn.XLOOKUP(A54,ยอดขายปัจจุบัน!B:B,ยอดขายปัจจุบัน!D:D,0,0) -> 895200.93 | H54: =G54-F54 -> 30377.43 | I54: =(G54-F54)/F54 -> 0.035125583
A55: Yuedpao สาขา Mega บางนา | B55: =_xlfn.XLOOKUP(A55,'Target ปี 2026'!B:B,'Target ปี 2026'!C:C,0,0) -> 900000 | C55: =_xlfn.XLOOKUP(A55,ยอดขายปัจจุบัน!B:B,ยอดขายปัจจุบัน!D:D,0,0) -> 982007.5 | D55: =C55*100/107 -> 917764.02 | E55: =D55/B55 -> 1.0197378 | F55: =_xlfn.XLOOKUP(A55,ยอดขายปีที่แล้ว!B:B,ยอดขายปีที่แล้ว!D:D,0,0) -> 881171 | G55: =_xlfn.XLOOKUP(A55,ยอดขายปัจจุบัน!B:B,ยอดขายปัจจุบัน!D:D,0,0) -> 982007.5 | H55: =G55-F55 -> 100836.5 | I55: =(G55-F55)/F55 -> 0.11443466
A56: Yuedpao สาขา Central อุดรธานี | B56: =_xlfn.XLOOKUP(A56,'Target ปี 2026'!B:B,'Target ปี 2026'!C:C,0,0) -> 900000 | C56: =_xlfn.XLOOKUP(A56,ยอดขายปัจจุบัน!B:B,ยอดขายปัจจุบัน!D:D,0,0) -> 953389.5 | D56: =C56*100/107 -> 891018.22 | E56: =D56/B56 -> 0.99002025 | F56: =_xlfn.XLOOKUP(A56,ยอดขายปีที่แล้ว!B:B,ยอดขายปีที่แล้ว!D:D,0,0) -> 808176.7 | G56: =_xlfn.XLOOKUP(A56,ยอดขายปัจจุบัน!B:B,ยอดขายปัจจุบัน!D:D,0,0) -> 953389.5 | H56: =G56-F56 -> 145212.8 | I56: =(G56-F56)/F56 -> 0.17967952
A57: Yuedpao สาขา Central ลำปาง | B57: =_xlfn.XLOOKUP(A57,'Target ปี 2026'!B:B,'Target ปี 2026'!C:C,0,0) -> 850000 | C57: =_xlfn.XLOOKUP(A57,ยอดขายปัจจุบัน!B:B,ยอดขายปัจจุบัน!D:D,0,0) -> 811963 | D57: =C57*100/107 -> 758843.93 | E57: =D57/B57 -> 0.89275756 | F57: =_xlfn.XLOOKUP(A57,ยอดขายปีที่แล้ว!B:B,ยอดขายปีที่แล้ว!D:D,0,0) -> 743511 | G57: =_xlfn.XLOOKUP(A57,ยอดขายปัจจุบัน!B:B,ยอดขายปัจจุบัน!D:D,0,0) -> 811963 | H57: =G57-F57 -> 68452 | I57: =(G57-F57)/F57 -> 0.092065887
A58: Yuedpao สาขา Central นครศรีธรรมราช | B58: =_xlfn.XLOOKUP(A58,'Target ปี 2026'!B:B,'Target ปี 2026'!C:C,0,0) -> 1200000 | C58: =_xlfn.XLOOKUP(A58,ยอดขายปัจจุบัน!B:B,ยอดขายปัจจุบัน!D:D,0,0) -> 1324828 | D58: =C58*100/107 -> 1238157 | E58: =D58/B58 -> 1.0317975 | F58: =_xlfn.XLOOKUP(A58,ยอดขายปีที่แล้ว!B:B,ยอดขายปีที่แล้ว!D:D,0,0) -> 1142845 | G58: =_xlfn.XLOOKUP(A58,ยอดขายปัจจุบัน!B:B,ยอดขายปัจจุบัน!D:D,0,0) -> 1324828 | H58: =G58-F58 -> 181983 | I58: =(G58-F58)/F58 -> 0.15923682
A59: Yuedpao สาขา Central ชลบุรี | B59: =_xlfn.XLOOKUP(A59,'Target ปี 2026'!B:B,'Target ปี 2026'!C:C,0,0) -> 800000 | C59: =_xlfn.XLOOKUP(A59,ยอดขายปัจจุบัน!B:B,ยอดขายปัจจุบัน!D:D,0,0) -> 1050187 | D59: =C59*100/107 -> 981483.18 | E59: =D59/B59 -> 1.226854 | F59: =_xlfn.XLOOKUP(A59,ยอดขายปีที่แล้ว!B:B,ยอดขายปีที่แล้ว!D:D,0,0) -> 724072 | G59: =_xlfn.XLOOKUP(A59,ยอดขายปัจจุบัน!B:B,ยอดขายปัจจุบัน!D:D,0,0) -> 1050187 | H59: =G59-F59 -> 326115 | I59: =(G59-F59)/F59 -> 0.45039029
A60: Yuedpao สาขา Robinson สุพรรณบุรี | B60: =_xlfn.XLOOKUP(A60,'Target ปี 2026'!B:B,'Target ปี 2026'!C:C,0,0) -> 700000 | C60: =_xlfn.XLOOKUP(A60,ยอดขายปัจจุบัน!B:B,ยอดขายปัจจุบัน!D:D,0,0) -> 807767 | D60: =C60*100/107 -> 754922.43 | E60: =D60/B60 -> 1.0784606 | F60: =_xlfn.XLOOKUP(A60,ยอดขายปีที่แล้ว!B:B,ยอดขายปีที่แล้ว!D:D,0,0) -> 645269 | G60: =_xlfn.XLOOKUP(A60,ยอดขายปัจจุบัน!B:B,ยอดขายปัจจุบัน!D:D,0,0) -> 807767 | H60: =G60-F60 -> 162498 | I60: =(G60-F60)/F60 -> 0.25182986
A61: Yuedpao สาขา The Mall งามวงศ์วาน | B61: =_xlfn.XLOOKUP(A61,'Target ปี 2026'!B:B,'Target ปี 2026'!C:C,0,0) -> 1200000 | C61: =_xlfn.XLOOKUP(A61,ยอดขายปัจจุบัน!B:B,ยอดขายปัจจุบัน!D:D,0,0) -> 1034170.6 | D61: =C61*100/107 -> 966514.56 | E61: =D61/B61 -> 0.8054288 | F61: =_xlfn.XLOOKUP(A61,ยอดขายปีที่แล้ว!B:B,ยอดขายปีที่แล้ว!D:D,0,0) -> 1146033 | G61: =_xlfn.XLOOKUP(A61,ยอดขายปัจจุบัน!B:B,ยอดขายปัจจุบัน!D:D,0,0) -> 1034170.6 | H61: =G61-F61 -> -111862.42 | I61: =(G61-F61)/F61 -> -0.097608376
A62: Yuedpao สาขา BTS สยาม | B62: =_xlfn.XLOOKUP(A62,'Target ปี 2026'!B:B,'Target ปี 2026'!C:C,0,0) -> 250000 | C62: =_xlfn.XLOOKUP(A62,ยอดขายปัจจุบัน!B:B,ยอดขายปัจจุบัน!D:D,0,0) -> 208440 | D62: =C62*100/107 -> 194803.74 | E62: =D62/B62 -> 0.77921495 | F62: =_xlfn.XLOOKUP(A62,ยอดขายปีที่แล้ว!B:B,ยอดขายปีที่แล้ว!D:D,0,0) -> 190313 | G62: =_xlfn.XLOOKUP(A62,ยอดขายปัจจุบัน!B:B,ยอดขายปัจจุบัน!D:D,0,0) -> 208440 | H62: =G62-F62 -> 18127 | I62: =(G62-F62)/F62 -> 0.095248354
A63: Yuedpao สาขา Market Village สุวรรณภูมิ | B63: =_xlfn.XLOOKUP(A63,'Target ปี 2026'!B:B,'Target ปี 2026'!C:C,0,0) -> 450000 | C63: =_xlfn.XLOOKUP(A63,ยอดขายปัจจุบัน!B:B,ยอดขายปัจจุบัน!D:D,0,0) -> 565481 | D63: =C63*100/107 -> 528486.92 | E63: =D63/B63 -> 1.1744154 | F63: =_xlfn.XLOOKUP(A63,ยอดขายปีที่แล้ว!B:B,ยอดขายปีที่แล้ว!D:D,0,0) -> 402688 | G63: =_xlfn.XLOOKUP(A63,ยอดขายปัจจุบัน!B:B,ยอดขายปัจจุบัน!D:D,0,0) -> 565481 | H63: =G63-F63 -> 162793 | I63: =(G63-F63)/F63 -> 0.40426583
A64: Yuedpao สาขา Robinson ลาดกระบัง | B64: =_xlfn.XLOOKUP(A64,'Target ปี 2026'!B:B,'Target ปี 2026'!C:C,0,0) -> 900000 | C64: =_xlfn.XLOOKUP(A64,ยอดขายปัจจุบัน!B:B,ยอดขายปัจจุบัน!D:D,0,0) -> 1101673 | D64: =C64*100/107 -> 1029600.9 | E64: =D64/B64 -> 1.144001 | F64: =_xlfn.XLOOKUP(A64,ยอดขายปีที่แล้ว!B:B,ยอดขายปีที่แล้ว!D:D,0,0) -> 795136 | G64: =_xlfn.XLOOKUP(A64,ยอดขายปัจจุบัน!B:B,ยอดขายปัจจุบัน!D:D,0,0) -> 1101673 | H64: =G64-F64 -> 306537 | I64: =(G64-F64)/F64 -> 0.38551518
A65: Yuedpao สาขา The Street รัชดา | B65: =_xlfn.XLOOKUP(A65,'Target ปี 2026'!B:B,'Target ปี 2026'!C:C,0,0) -> 550000 | C65: =_xlfn.XLOOKUP(A65,ยอดขายปัจจุบัน!B:B,ยอดขายปัจจุบัน!D:D,0,0) -> 633531 | D65: =C65*100/107 -> 592085.05 | E65: =D65/B65 -> 1.0765183 | F65: =_xlfn.XLOOKUP(A65,ยอดขายปีที่แล้ว!B:B,ยอดขายปีที่แล้ว!D:D,0,0) -> 492238.8 | G65: =_xlfn.XLOOKUP(A65,ยอดขายปัจจุบัน!B:B,ยอดขายปัจจุบัน!D:D,0,0) -> 633531 | H65: =G65-F65 -> 141292.2 | I65: =(G65-F65)/F65 -> 0.28703995
... A67: Yuedpao สาขา Imperial World สำโรง | B67: =_xlfn.XLOOKUP(A67,'Target ปี 2026'!B:B,'Target ปี 2026'!C:C,0,0) -> 1150000 | C67: =_xlfn.XLOOKUP(A67,ยอดขายปัจจุบัน!B:B,ยอดขายปัจจุบัน!D:D,0,0) -> 1021046.3 | D67: =C67*100/107 -> 954248.84 | E67: =D67/B67 -> 0.8297816 | F67: =_xlfn.XLOOKUP(A67,ยอดขายปีที่แล้ว!B:B,ยอดขายปีที่แล้ว!D:D,0,0) -> 1108131.5 | G67: =_xlfn.XLOOKUP(A67,ยอดขายปัจจุบัน!B:B,ยอดขายปัจจุบัน!D:D,0,0) -> 1021046.3 | H67: =G67-F67 -> -87085.28 | I67: =(G67-F67)/F67 -> -0.078587493
A68: Total | B68: =SUM(B54:B67) -> 11500000 | C68: =_xlfn.XLOOKUP(A68,ยอดขายปัจจุบัน!B:B,ยอดขายปัจจุบัน!D:D,0,0) -> 0 | D68: =SUM(D54:D67) -> 11505029 | E68: =D68/B68 -> 1.0004373 | F68: =SUM(F54:F67) -> 9944408.5 | G68: =SUM(G54:G67) -> 12310381 | H68: =G68-F68 -> 2365972.7 | I68: =(G68-F68)/F68 -> 0.23791991
A70: INK
A71: Yuedpao สาขา Robinson ราชพฤกษ์ | B71: =_xlfn.XLOOKUP(A71,'Target ปี 2026'!B:B,'Target ปี 2026'!C:C,0,0) -> 400000 | C71: =_xlfn.XLOOKUP(A71,ยอดขายปัจจุบัน!B:B,ยอดขายปัจจุบัน!D:D,0,0) -> 626735.5 | D71: =C71*100/107 -> 585734.11 | E71: =D71/B71 -> 1.4643353 | F71: =_xlfn.XLOOKUP(A71,ยอดขายปีที่แล้ว!B:B,ยอดขายปีที่แล้ว!D:D,0,0) -> 362155 | G71: =_xlfn.XLOOKUP(A71,ยอดขายปัจจุบัน!B:B,ยอดขายปัจจุบัน!D:D,0,0) -> 626735.5 | H71: =G71-F71 -> 264580.5 | I71: =(G71-F71)/F71 -> 0.73057254
A72: Yuedpao สาขา BTS หมอชิต | B72: =_xlfn.XLOOKUP(A72,'Target ปี 2026'!B:B,'Target ปี 2026'!C:C,0,0) -> 250000 | C72: =_xlfn.XLOOKUP(A72,ยอดขายปัจจุบัน!B:B,ยอดขายปัจจุบัน!D:D,0,0) -> 188030 | D72: =C72*100/107 -> 175728.97 | E72: =D72/B72 -> 0.70291589 | F72: =_xlfn.XLOOKUP(A72,ยอดขายปีที่แล้ว!B:B,ยอดขายปีที่แล้ว!D:D,0,0) -> 184214 | G72: =_xlfn.XLOOKUP(A72,ยอดขายปัจจุบัน!B:B,ยอดขายปัจจุบัน!D:D,0,0) -> 188030 | H72: =G72-F72 -> 3816 | I72: =(G72-F72)/F72 -> 0.020715038
A73: Yuedpao สาขา Central อยุธยา | B73: =_xlfn.XLOOKUP(A73,'Target ปี 2026'!B:B,'Target ปี 2026'!C:C,0,0) -> 1000000 | C73: =_xlfn.XLOOKUP(A73,ยอดขายปัจจุบัน!B:B,ยอดขายปัจจุบัน!D:D,0,0) -> 1180213.5 | D73: =C73*100/107 -> 1103003.3 | E73: =D73/B73 -> 1.1030033 | F73: =_xlfn.XLOOKUP(A73,ยอดขายปีที่แล้ว!B:B,ยอดขายปีที่แล้ว!D:D,0,0) -> 884333 | G73: =_xlfn.XLOOKUP(A73,ยอดขายปัจจุบัน!B:B,ยอดขายปัจจุบัน!D:D,0,0) -> 1180213.5 | H73: =G73-F73 -> 295880.5 | I73: =(G73-F73)/F73 -> 0.33458041
A74: Yuedpao สาขา จตุจักรโครงการ 22 ริมถนน | B74: =_xlfn.XLOOKUP(A74,'Target ปี 2026'!B:B,'Target ปี 2026'!C:C,0,0) -> 350000 | C74: =_xlfn.XLOOKUP(A74,ยอดขายปัจจุบัน!B:B,ยอดขายปัจจุบัน!D:D,0,0) -> 344049 | D74: =C74*100/107 -> 321541.12 | E74: =D74/B74 -> 0.91868892 | F74: =_xlfn.XLOOKUP(A74,ยอดขายปีที่แล้ว!B:B,ยอดขายปีที่แล้ว!D:D,0,0) -> 657017 | G74: =_xlfn.XLOOKUP(A74,ยอดขายปัจจุบัน!B:B,ยอดขายปัจจุบัน!D:D,0,0) -> 344049 | H74: =G74-F74 -> -312968 | I74: =(G74-F74)/F74 -> -0.47634688
A75: Yuedpao สาขา Central พระราม 3 | B75: =_xlfn.XLOOKUP(A75,'Target ปี 2026'!B:B,'Target ปี 2026'!C:C,0,0) -> 600000 | C75: =_xlfn.XLOOKUP(A75,ยอดขายปัจจุบัน!B:B,ยอดขายปัจจุบัน!D:D,0,0) -> 649070 | D75: =C75*100/107 -> 606607.48 | E75: =D75/B75 -> 1.0110125 | F75: =_xlfn.XLOOKUP(A75,ยอดขายปีที่แล้ว!B:B,ยอดขายปีที่แล้ว!D:D,0,0) -> 556534 | G75: =_xlfn.XLOOKUP(A75,ยอดขายปัจจุบัน!B:B,ยอดขายปัจจุบัน!D:D,0,0) -> 649070 | H75: =G75-F75 -> 92536 | I75: =(G75-F75)/F75 -> 0.16627196
A76: Yuedpao สาขา Central ศาลายา | B76: =_xlfn.XLOOKUP(A76,'Target ปี 2026'!B:B,'Target ปี 2026'!C:C,0,0) -> 1100000 | C76: =_xlfn.XLOOKUP(A76,ยอดขายปัจจุบัน!B:B,ยอดขายปัจจุบัน!D:D,0,0) -> 1222613 | D76: =C76*100/107 -> 1142629 | E76: =D76/B76 -> 1.0387536 | F76: =_xlfn.XLOOKUP(A76,ยอดขายปีที่แล้ว!B:B,ยอดขายปีที่แล้ว!D:D,0,0) -> 987146 | G76: =_xlfn.XLOOKUP(A76,ยอดขายปัจจุบัน!B:B,ยอดขายปัจจุบัน!D:D,0,0) -> 1222613 | H76: =G76-F76 -> 235467 | I76: =(G76-F76)/F76 -> 0.2385331
A77: Yuedpao สาขา The Mall บางกะปิ | B77: =_xlfn.XLOOKUP(A77,'Target ปี 2026'!B:B,'Target ปี 2026'!C:C,0,0) -> 1400000 | C77: =_xlfn.XLOOKUP(A77,ยอดขายปัจจุบัน!B:B,ยอดขายปัจจุบัน!D:D,0,0) -> 1557003 | D77: =C77*100/107 -> 1455143 | E77: =D77/B77 -> 1.0393879 | F77: =_xlfn.XLOOKUP(A77,ยอดขายปีที่แล้ว!B:B,ยอดขายปีที่แล้ว!D:D,0,0) -> 1305153 | G77: =_xlfn.XLOOKUP(A77,ยอดขายปัจจุบัน!B:B,ยอดขายปัจจุบัน!D:D,0,0) -> 1557003 | H77: =G77-F77 -> 251850 | I77: =(G77-F77)/F77 -> 0.19296588
A78: Yuedpao สาขา Central ศรีราชา | B78: =_xlfn.XLOOKUP(A78,'Target ปี 2026'!B:B,'Target ปี 2026'!C:C,0,0) -> 750000 | C78: =_xlfn.XLOOKUP(A78,ยอดขายปัจจุบัน!B:B,ยอดขายปัจจุบัน!D:D,0,0) -> 997340.93 | D78: =C78*100/107 -> 932094.33 | E78: =D78/B78 -> 1.2427924 | F78: =_xlfn.XLOOKUP(A78,ยอดขายปีที่แล้ว!B:B,ยอดขายปีที่แล้ว!D:D,0,0) -> 682325.5 | G78: =_xlfn.XLOOKUP(A78,ยอดขายปัจจุบัน!B:B,ยอดขายปัจจุบัน!D:D,0,0) -> 997340.93 | H78: =G78-F78 -> 315015.43 | I78: =(G78-F78)/F78 -> 0.46167911
A79: Yuedpao สาขา The Mall ท่าพระ | B79: =_xlfn.XLOOKUP(A79,'Target ปี 2026'!B:B,'Target ปี 2026'!C:C,0,0) -> 700000 | C79: =_xlfn.XLOOKUP(A79,ยอดขายปัจจุบัน!B:B,ยอดขายปัจจุบัน!D:D,0,0) -> 793928 | D79: =C79*100/107 -> 741988.79 | E79: =D79/B79 -> 1.059984 | F79: =_xlfn.XLOOKUP(A79,ยอดขายปีที่แล้ว!B:B,ยอดขายปีที่แล้ว!D:D,0,0) -> 639916 | G79: =_xlfn.XLOOKUP(A79,ยอดขายปัจจุบัน!B:B,ยอดขายปัจจุบัน!D:D,0,0) -> 793928 | H79: =G79-F79 -> 154012 | I79: =(G79-F79)/F79 -> 0.24067534
A80: Yuedpao สาขา Robinson มุกดาหาร | B80: =_xlfn.XLOOKUP(A80,'Target ปี 2026'!B:B,'Target ปี 2026'!C:C,0,0) -> 450000 | C80: =_xlfn.XLOOKUP(A80,ยอดขายปัจจุบัน!B:B,ยอดขายปัจจุบัน!D:D,0,0) -> 612677.5 | D80: =C80*100/107 -> 572595.79 | E80: =D80/B80 -> 1.2724351 | F80: =_xlfn.XLOOKUP(A80,ยอดขายปีที่แล้ว!B:B,ยอดขายปีที่แล้ว!D:D,0,0) -> 295439 | G80: =_xlfn.XLOOKUP(A80,ยอดขายปัจจุบัน!B:B,ยอดขายปัจจุบัน!D:D,0,0) -> 612677.5 | H80: =G80-F80 -> 317238.5 | I80: =(G80-F80)/F80 -> 1.0737868
A81: Yuedpao สาขา Central รามอินทรา | B81: =_xlfn.XLOOKUP(A81,'Target ปี 2026'!B:B,'Target ปี 2026'!C:C,0,0) -> 550000 | C81: =_xlfn.XLOOKUP(A81,ยอดขายปัจจุบัน!B:B,ยอดขายปัจจุบัน!D:D,0,0) -> 673558 | D81: =C81*100/107 -> 629493.46 | E81: =D81/B81 -> 1.1445336 | F81: =_xlfn.XLOOKUP(A81,ยอดขายปีที่แล้ว!B:B,ยอดขายปีที่แล้ว!D:D,0,0) -> 429532 | G81: =_xlfn.XLOOKUP(A81,ยอดขายปัจจุบัน!B:B,ยอดขายปัจจุบัน!D:D,0,0) -> 673558 | H81: =G81-F81 -> 244026 | I81: =(G81-F81)/F81 -> 0.56812065
A82: Yuedpao สาขา Robinson สระบุรี | B82: =_xlfn.XLOOKUP(A82,'Target ปี 2026'!B:B,'Target ปี 2026'!C:C,0,0) -> 1400000 | C82: =_xlfn.XLOOKUP(A82,ยอดขายปัจจุบัน!B:B,ยอดขายปัจจุบัน!D:D,0,0) -> 1196967.3 | D82: =C82*100/107 -> 1118661 | E82: =D82/B82 -> 0.79904358 | F82: =_xlfn.XLOOKUP(A82,ยอดขายปีที่แล้ว!B:B,ยอดขายปีที่แล้ว!D:D,0,0) -> 0 | G82: =_xlfn.XLOOKUP(A82,ยอดขายปัจจุบัน!B:B,ยอดขายปัจจุบัน!D:D,0,0) -> 1196967.3 | H82: =G82-F82 -> 1196967.3 | I82: =(G82-F82)/F82 -> #DIV/0!
A83: Yuedpao สาขา I am China Town | B83: =_xlfn.XLOOKUP(A83,'Target ปี 2026'!B:B,'Target ปี 2026'!C:C,0,0) -> 350000 | C83: =_xlfn.XLOOKUP(A83,ยอดขายปัจจุบัน!B:B,ยอดขายปัจจุบัน!D:D,0,0) -> 396760.54 | D83: =C83*100/107 -> 370804.24 | E83: =D83/B83 -> 1.0594407 | F83: =_xlfn.XLOOKUP(A83,ยอดขายปีที่แล้ว!B:B,ยอดขายปีที่แล้ว!D:D,0,0) -> 0 | G83: =_xlfn.XLOOKUP(A83,ยอดขายปัจจุบัน!B:B,ยอดขายปัจจุบัน!D:D,0,0) -> 396760.54 | H83: =G83-F83 -> 396760.54 | I83: =(G83-F83)/F83 -> #DIV/0!
A84: Total | B84: =SUM(B71:B83) -> 9300000 | D84: =SUM(D71:D83) -> 9756024.5 | E84: =D84/B84 -> 1.0490349 | F84: =SUM(F71:F83) -> 6983764.5 | G84: =SUM(G71:G83) -> 10438946 | H84: =G84-F84 -> 3455181.8 | I84: =(G84-F84)/F84 -> 0.49474488
F86: =F17+F34+F51+F68+F84 -> 55757574 | G86: =G17+G34+G51+G68+G84 -> 72523549 | H86: =G86-F86 -> 16765975 | I86: =(G86-F86)/F86 -> 0.30069413

Sheet Survay Member 
B2: NO | C2: สาขา | D2: COMPLAIN | E2: UPDATE SURVAY & MEMBER FEB 2025 | M2: REMARK
E3: SURVAY | I3: MEMBER
D4: มี/ไม่มี | E4: จำนวน | F4: INV | G4: % INV | H4: ต้องทำ | I4: จำนวน | J4: INV | K4: % INV | L4: ต้องทำ
B5: 1 | C5: Yuedpao สาขา Mega บางนา | D5: ไม่มี | E5: 185 | F5: =Report!G3 -> 1843 | G5: =E5/F5 -> 0.10037982 | H5: =F5*5/100 -> 92.15 | J5: =F5 -> 1843 | K5: =I5/J5 -> 0 | L5: =J5*5/100 -> 92.15
B6: 2 | C6: Yuedpao สาขา The Mall โคราช | D6: ไม่มี | E6: 297 | F6: =Report!G4 -> 1662 | G6: =E6/F6 -> 0.17870036 | H6: =F6*5/100 -> 83.1 | J6: =F6 -> 1662 | K6: =I6/J6 -> 0 | L6: =J6*5/100 -> 83.1
B7: 3 | C7: Yuedpao สาขา SIAM SQUARE | D7: ไม่มี | E7: 193 | F7: =Report!G5 -> 1757 | G7: =E7/F7 -> 0.10984633 | H7: =F7*5/100 -> 87.85 | J7: =F7 -> 1757 | K7: =I7/J7 -> 0 | L7: =J7*5/100 -> 87.85
B8: 4 | C8: Yuedpao สาขา Central ระยอง | D8: ไม่มี | E8: 218 | F8: =Report!G6 -> 2478 | G8: =E8/F8 -> 0.087974173 | H8: =F8*5/100 -> 123.9 | J8: =F8 -> 2478 | K8: =I8/J8 -> 0 | L8: =J8*5/100 -> 123.9
B9: 5 | C9: Yuedpao สาขา Central โคราช | D9: ไม่มี | E9: 154 | F9: =Report!G7 -> 1315 | G9: =E9/F9 -> 0.11711027 | H9: =F9*5/100 -> 65.75 | J9: =F9 -> 1315 | K9: =I9/J9 -> 0 | L9: =J9*5/100 -> 65.75
B10: 6 | C10: Yuedpao สาขา Robinson บุรีรัมย์ | D10: ไม่มี | E10: 132 | F10: =Report!G8 -> 1183 | G10: =E10/F10 -> 0.11158073 | H10: =F10*5/100 -> 59.15 | J10: =F10 -> 1183 | K10: =I10/J10 -> 0 | L10: =J10*5/100 -> 59.15
B11: 7 | C11: Yuedpao สาขา MAYA เชียงใหม่ | D11: ไม่มี | E11: 245 | F11: =Report!G9 -> 3197 | G11: =E11/F11 -> 0.076634345 | H11: =F11*5/100 -> 159.85 | J11: =F11 -> 3197 | K11: =I11/J11 -> 0 | L11: =J11*5/100 -> 159.85
B12: 8 | C12: Yuedpao สาขา Future Park Rangsit ชั้น 3 | D12: ไม่มี | E12: 282 | F12: =Report!G11 -> 3688 | G12: =E12/F12 -> 0.076464208 | H12: =F12*5/100 -> 184.4 | J12: =F12 -> 3688 | K12: =I12/J12 -> 0 | L12: =J12*5/100 -> 184.4
B13: 9 | C13: Yuedpao สาขา Central Festival เชียงใหม่ | D13: ไม่มี | E13: 215 | F13: =Report!G12 -> 2259 | G13: =E13/F13 -> 0.095174856 | H13: =F13*5/100 -> 112.95 | J13: =F13 -> 2259 | K13: =I13/J13 -> 0 | L13: =J13*5/100 -> 112.95
B14: 10 | C14: Yuedpao สาขา Central พัทยา | D14: ไม่มี | E14: 288 | F14: =Report!G13 -> 1252 | G14: =E14/F14 -> 0.23003195 | H14: =F14*5/100 -> 62.6 | J14: =F14 -> 1252 | K14: =I14/J14 -> 0 | L14: =J14*5/100 -> 62.6
B15: 11 | C15: Yuedpao สาขา Central ปิ่นเกล้า | D15: มี | E15: 259 | F15: =Report!G14 -> 3737 | G15: =E15/F15 -> 0.069306931 | H15: =F15*5/100 -> 186.85 | J15: =F15 -> 3737 | K15: =I15/J15 -> 0 | L15: =J15*5/100 -> 186.85
B16: 12 | C16: Yuedpao สาขา I am China Town | D16: ไม่มี | E16: 67 | F16: =Report!G15 -> 870 | G16: =E16/F16 -> 0.077011494 | H16: =F16*5/100 -> 43.5 | J16: =F16 -> 870 | K16: =I16/J16 -> 0 | L16: =J16*5/100 -> 43.5
B17: 13 | C17: Yuedpao สาขา Robinson ชลบุรี | D17: ไม่มี | E17: 325 | F17: =Report!G16 -> 2013 | G17: =E17/F17 -> 0.16145057 | H17: =F17*5/100 -> 100.65 | J17: =F17 -> 2013 | K17: =I17/J17 -> 0 | L17: =J17*5/100 -> 100.65
B18: 14 | C18: Yuedpao สาขา Big C อำนาจเจริญ | D18: ไม่มี | E18: 96 | F18: =Report!G17 -> 742 | G18: =E18/F18 -> 0.12938005 | H18: =F18*5/100 -> 37.1 | J18: =F18 -> 742 | K18: =I18/J18 -> 0 | L18: =J18*5/100 -> 37.1
B19: 15 | C19: Yuedpao สาขา Robinson แม่สอด | D19: ไม่มี | E19: 306 | F19: =Report!G18 -> 1408 | G19: =E19/F19 -> 0.21732955 | H19: =F19*5/100 -> 70.4 | J19: =F19 -> 1408 | K19: =I19/J19 -> 0 | L19: =J19*5/100 -> 70.4
B20: 16 | C20: Yuedpao สาขา Sermthai Complex มหาสารคาม | D20: ไม่มี | E20: 338 | F20: =Report!G19 -> 1705 | G20: =E20/F20 -> 0.19824047 | H20: =F20*5/100 -> 85.25 | J20: =F20 -> 1705 | K20: =I20/J20 -> 0 | L20: =J20*5/100 -> 85.25
B21: TOTAL | E21: =SUM(E5:E18) -> 2956 | F21: =SUM(F5:F18) -> 27996 | G21: =E21/F21 -> 0.10558651 | H21: =SUM(H5:H18) -> 1399.8 | I21: =SUM(I5:I18) -> 0 | J21: =SUM(J5:J18) -> 27996 | K21: =I21/J21 -> 0 | L21: =J21*5/100 -> 1399.8

Sheet STK-เดือน.
B1: Stock Holding
B2: No | C2: Branch | D2: STOCK HOLDING | E2: STOCK HOLDING FEB 2026 | I2: DIFT
E3: จำนวน | F3: มูลค่า | G3: SALE OUT | H3: STK. Holding
B4: 1 | C4: Yuedpao สาขา Mega บางนา | D4: =_xlfn.XLOOKUP(C4,R:R,S:S,0,0) -> 900000 | E4: 7265 | F4: 1732917 | G4: =_xlfn.XLOOKUP(C4,ยอดขายปัจจุบัน!B:B,ยอดขายปัจจุบัน!D:D,0,0) -> 982007.5 | H4: =F4/D4 -> 1.9254633 | I4: =1-H4 -> -0.92546333 | R4: Yuedpao สาขา Central พัทยา | S4: 600000
B5: 2 | C5: Yuedpao สาขา The Mall โคราช | D5: =_xlfn.XLOOKUP(C5,R:R,S:S,0,0) -> 975000 | E5: 6709 | F5: 1450859 | G5: =_xlfn.XLOOKUP(C5,ยอดขายปัจจุบัน!B:B,ยอดขายปัจจุบัน!D:D,0,0) -> 784810.5 | H5: =F5/D5 -> 1.4880605 | I5: =1-H5 -> -0.48806051 | R5: Yuedpao สาขา Mega บางนา | S5: 900000
B6: 3 | C6: Yuedpao สาขา SIAM SQUARE | D6: =_xlfn.XLOOKUP(C6,R:R,S:S,0,0) -> 1000000 | E6: 7518 | F6: 1825133 | G6: =_xlfn.XLOOKUP(C6,ยอดขายปัจจุบัน!B:B,ยอดขายปัจจุบัน!D:D,0,0) -> 973986.2 | H6: =F6/D6 -> 1.825133 | I6: =1-H6 -> -0.825133 | R6: Yuedpao สาขา Central โคราช | S6: 750000
B7: 4 | C7: Yuedpao สาขา Central ระยอง | D7: =_xlfn.XLOOKUP(C7,R:R,S:S,0,0) -> 1100000 | E7: 6503 | F7: 1486057 | G7: =_xlfn.XLOOKUP(C7,ยอดขายปัจจุบัน!B:B,ยอดขายปัจจุบัน!D:D,0,0) -> 1286829.5 | H7: =F7/D7 -> 1.3509609 | I7: =1-H7 -> -0.35096091 | R7: Yuedpao สาขา The Mall โคราช | S7: 975000
B8: 5 | C8: Yuedpao สาขา Central โคราช | D8: =_xlfn.XLOOKUP(C8,R:R,S:S,0,0) -> 750000 | E8: 5765 | F8: 1241675 | G8: =_xlfn.XLOOKUP(C8,ยอดขายปัจจุบัน!B:B,ยอดขายปัจจุบัน!D:D,0,0) -> 610704.5 | H8: =F8/D8 -> 1.6555667 | I8: =1-H8 -> -0.65556667 | R8: Yuedpao สาขา Robinson ชลบุรี | S8: 810000
B9: 6 | C9: Yuedpao สาขา Robinson บุรีรัมย์ | D9: =_xlfn.XLOOKUP(C9,R:R,S:S,0,0) -> 675000 | E9: 3831 | F9: 845320 | G9: =_xlfn.XLOOKUP(C9,ยอดขายปัจจุบัน!B:B,ยอดขายปัจจุบัน!D:D,0,0) -> 575938 | H9: =F9/D9 -> 1.2523259 | I9: =1-H9 -> -0.25232593 | R9: Yuedpao สาขา Robinson บุรีรัมย์ | S9: 675000
B10: 7 | C10: Yuedpao สาขา MAYA เชียงใหม่ | D10: =_xlfn.XLOOKUP(C10,R:R,S:S,0,0) -> 1060000 | E10: 9568 | F10: 2103291 | G10: =_xlfn.XLOOKUP(C10,ยอดขายปัจจุบัน!B:B,ยอดขายปัจจุบัน!D:D,0,0) -> 1221787.5 | H10: =F10/D10 -> 1.9842368 | I10: =1-H10 -> -0.98423679 | R10: Yuedpao สาขา MAYA เชียงใหม่ | S10: 1060000
B11: 8 | C11: Yuedpao สาขา Future Park Rangsit ชั้น 3 | D11: =_xlfn.XLOOKUP(C11,R:R,S:S,0,0) -> 2300000 | E11: 11869 | F11: 2550035 | G11: =_xlfn.XLOOKUP(C11,ยอดขายปัจจุบัน!B:B,ยอดขายปัจจุบัน!D:D,0,0) -> 1807232 | H11: =F11/D11 -> 1.1087109 | I11: =1-H11 -> -0.10871087 | R11: Yuedpao สาขา Robinson แม่สอด | S11: 850000
B12: 9 | C12: Yuedpao สาขา Central Festival เชียงใหม่ | D12: =_xlfn.XLOOKUP(C12,R:R,S:S,0,0) -> 1300000 | E12: 8962 | F12: 1923417 | G12: =_xlfn.XLOOKUP(C12,ยอดขายปัจจุบัน!B:B,ยอดขายปัจจุบัน!D:D,0,0) -> 1159000.5 | H12: =F12/D12 -> 1.4795515 | I12: =1-H12 -> -0.47955154 | R12: Yuedpao สาขา Central Festival เชียงใหม่ | S12: 1300000
B13: 10 | C13: Yuedpao สาขา Central พัทยา | D13: =_xlfn.XLOOKUP(C13,R:R,S:S,0,0) -> 600000 | E13: 5643 | F13: 1222059 | G13: =_xlfn.XLOOKUP(C13,ยอดขายปัจจุบัน!B:B,ยอดขายปัจจุบัน!D:D,0,0) -> 691868 | H13: =F13/D13 -> 2.036765 | I13: =1-H13 -> -1.036765 | R13: Yuedpao สาขา Central ระยอง | S13: 1100000
B14: 11 | C14: Yuedpao สาขา Central ปิ่นเกล้า | D14: =_xlfn.XLOOKUP(C14,R:R,S:S,0,0) -> 1800000 | E14: 10791 | F14: 2470251 | G14: =_xlfn.XLOOKUP(C14,ยอดขายปัจจุบัน!B:B,ยอดขายปัจจุบัน!D:D,0,0) -> 1737483.5 | H14: =F14/D14 -> 1.3723617 | I14: =1-H14 -> -0.37236167 | R14: Yuedpao สาขา Sermthai Complex มหาสารคาม | S14: 1100000
B15: 12 | C15: Yuedpao สาขา I am China Town | D15: =_xlfn.XLOOKUP(C15,R:R,S:S,0,0) -> 525000 | E15: 4191 | F15: 864221 | G15: =_xlfn.XLOOKUP(C15,ยอดขายปัจจุบัน!B:B,ยอดขายปัจจุบัน!D:D,0,0) -> 396760.54 | H15: =F15/D15 -> 1.6461352 | I15: =1-H15 -> -0.64613524 | R15: Yuedpao สาขา Future Park Rangsit ชั้น 3 | S15: 2300000
... B19: 16 | C19: Yuedpao สาขา Sermthai Complex มหาสารคาม | D19: =_xlfn.XLOOKUP(C19,R:R,S:S,0,0) -> 1100000 | E19: 6359 | F19: 1361867 | G19: =_xlfn.XLOOKUP(C19,ยอดขายปัจจุบัน!B:B,ยอดขายปัจจุบัน!D:D,0,0) -> 780394 | H19: =F19/D19 -> 1.2380609 | I19: =1-H19 -> -0.23806091 | R19: Yuedpao สาขา Central ปิ่นเกล้า | S19: 1800000
B20: TOTAL AREA | D20: =SUM(D4:D19) -> 16295000 | E20: =SUM(E4:E19) -> 107281 | F20: =SUM(F4:F19) -> 23804152 | G20: =SUM(G4:G19) -> 15084109 | H20: =F20/D20 -> 1.4608255 | I20: =1-H20 -> -0.46082553
C22: ปรับ STK วันที่ 21/10/68

Sheet Week day&Week end
A1: SHOP | B1: WEEK END | D1: WEEK DAY | F1: WEEK END | H1: WEEK DAY | J1: WEEK END | L1: WEEK DAY | N1: WEEK END | P1: WEEK DAY | R1: WEEK END | T1: WEEK DAY | V1: WEEK END | X1: WEEK DAY | Z1: WEEK END | AB1: WEEK END | AD1: WEEK DAY
B2: 1 | D2: 2-6 | F2: 7-8 | H2: 9-13 | J2: 14-15 | L2: 16-20 | N2: 21-22 | P2: 23-27 | R2: 28 | AB2: TOTAL | AD2: TOTAL
B3: INV | C3: SALE OUT | D3: INV | E3: SALE OUT | F3: INV | G3: SALE OUT | H3: INV | I3: SALE OUT | J3: INV | K3: SALE OUT | L3: INV | M3: SALE OUT | N3: INV | O3: SALE OUT | P3: INV | Q3: SALE OUT | R3: INV | S3: SALE OUT | T3: INV | U3: SALE OUT | V3: INV | W3: SALE OUT | X3: INV | Y3: SALE OUT | Z3: INV | AA3: SALE OUT | AB3: INV | AC3: SALE OUT | AD3: INV | AE3: SALE OUT
A4: Yuedpao สาขา Mega บางนา | B4: 89 | C4: 44162 | D4: 242 | E4: 129984 | F4: 158 | G4: 91513 | H4: 269 | I4: 136247 | J4: 214 | K4: 116460.5 | L4: 306 | M4: 163215 | N4: 192 | O4: 106386 | P4: 253 | Q4: 133955 | R4: 120 | S4: 60085 | AB4: =B4+F4+J4+N4+R4+V4 -> 773 | AC4: =C4+G4+K4+O4+S4+W4 -> 418606.5 | AD4: =D4+H4+L4+P4+T4+X4 -> 1070 | AE4: =E4+I4+M4+Q4+U4+Y4 -> 563401
A5: Yuedpao สาขา The Mall โคราช | B5: 71 | C5: 29600 | D5: 182 | E5: 80312 | F5: 169 | G5: 91521 | H5: 254 | I5: 122881 | J5: 213 | K5: 98199 | L5: 266 | M5: 116578 | N5: 149 | O5: 72966 | P5: 241 | Q5: 117131.5 | R5: 117 | S5: 55622 | AB5: =B5+F5+J5+N5+R5+V5 -> 719 | AC5: =C5+G5+K5+O5+S5+W5 -> 347908 | AD5: =D5+H5+L5+P5+T5+X5 -> 943 | AE5: =E5+I5+M5+Q5+U5+Y5 -> 436902.5 | AN5: REMARK
A6: Yuedpao สาขา SIAM SQUARE | B6: 87 | C6: 56018 | D6: 263 | E6: 124444 | F6: 158 | G6: 87462 | H6: 244 | I6: 150004 | J6: 173 | K6: 89404 | L6: 292 | M6: 168965.2 | N6: 157 | O6: 87678 | P6: 266 | Q6: 138790 | R6: 117 | S6: 71221 | AB6: =B6+F6+J6+N6+R6+V6 -> 692 | AC6: =C6+G6+K6+O6+S6+W6 -> 391783 | AD6: =D6+H6+L6+P6+T6+X6 -> 1065 | AE6: =E6+I6+M6+Q6+U6+Y6 -> 582203.2
A7: Yuedpao สาขา Central ระยอง | B7: 132 | C7: 71470 | D7: 345 | E7: 167835 | F7: 248 | G7: 133500 | H7: 336 | I7: 160982.5 | J7: 259 | K7: 138928 | L7: 379 | M7: 206620 | N7: 238 | O7: 130587 | P7: 366 | Q7: 183689 | R7: 175 | S7: 93218 | AB7: =B7+F7+J7+N7+R7+V7 -> 1052 | AC7: =C7+G7+K7+O7+S7+W7 -> 567703 | AD7: =D7+H7+L7+P7+T7+X7 -> 1426 | AE7: =E7+I7+M7+Q7+U7+Y7 -> 719126.5
A8: Yuedpao สาขา Central โคราช | B8: 76 | C8: 30656 | D8: 171 | E8: 74140.5 | F8: 125 | G8: 60270 | H8: 207 | I8: 98704 | J8: 141 | K8: 69040 | L8: 170 | M8: 84820 | N8: 122 | O8: 58784 | P8: 212 | Q8: 96660 | R8: 91 | S8: 37570 | AB8: =B8+F8+J8+N8+R8+V8 -> 555 | AC8: =C8+G8+K8+O8+S8+W8 -> 256320 | AD8: =D8+H8+L8+P8+T8+X8 -> 760 | AE8: =E8+I8+M8+Q8+U8+Y8 -> 354324.5 | AG8: WEEK END | AI8: WEEK DAY
A9: Yuedpao สาขา Robinson บุรีรัมย์ | B9: 37 | C9: 16347 | D9: 130 | E9: 56238 | F9: 127 | G9: 65182 | H9: 184 | I9: 84582 | J9: 145 | K9: 73671 | L9: 163 | M9: 76802 | N9: 107 | O9: 48552 | P9: 200 | Q9: 105860 | R9: 90 | S9: 48704 | AB9: =B9+F9+J9+N9+R9+V9 -> 506 | AC9: =C9+G9+K9+O9+S9+W9 -> 252456 | AD9: =D9+H9+L9+P9+T9+X9 -> 677 | AE9: =E9+I9+M9+Q9+U9+Y9 -> 323482 | AG9: =AB21 -> 794895.07 | AI9: =AD21 -> 436239.44
A10: Yuedpao สาขา MAYA เชียงใหม่ | B10: 130 | C10: 56684 | D10: 494 | E10: 173066 | F10: 263 | G10: 86614 | H10: 523 | I10: 209424 | J10: 275 | K10: 103448 | L10: 549 | M10: 209645.5 | N10: 264 | O10: 101450 | P10: 540 | Q10: 212526 | R10: 159 | S10: 68930 | AB10: =B10+F10+J10+N10+R10+V10 -> 1091 | AC10: =C10+G10+K10+O10+S10+W10 -> 417126 | AD10: =D10+H10+L10+P10+T10+X10 -> 2106 | AE10: =E10+I10+M10+Q10+U10+Y10 -> 804661.5
A11: Yuedpao สาขา Future Park Rangsit ชั้น 3 | B11: 243 | C11: 122348 | D11: 399 | E11: 194187 | F11: 403 | G11: 204307 | H11: 492 | I11: 230291 | J11: 470 | K11: 225625 | L11: 502 | M11: 242989 | N11: 401 | O11: 202872 | P11: 523 | Q11: 251004 | R11: 255 | S11: 133609 | AB11: =B11+F11+J11+N11+R11+V11 -> 1772 | AC11: =C11+G11+K11+O11+S11+W11 -> 888761 | AD11: =D11+H11+L11+P11+T11+X11 -> 1916 | AE11: =E11+I11+M11+Q11+U11+Y11 -> 918471
A12: Yuedpao สาขา Central Festival เชียงใหม่ | B12: 124 | C12: 67956 | D12: 239 | E12: 113409.5 | F12: 242 | G12: 112138 | H12: 337 | I12: 184654 | J12: 241 | K12: 122774 | L12: 356 | M12: 179241 | N12: 236 | O12: 130320 | P12: 336 | Q12: 171344 | R12: 148 | S12: 77164 | AB12: =B12+F12+J12+N12+R12+V12 -> 991 | AC12: =C12+G12+K12+O12+S12+W12 -> 510352 | AD12: =D12+H12+L12+P12+T12+X12 -> 1268 | AE12: =E12+I12+M12+Q12+U12+Y12 -> 648648.5
A13: Yuedpao สาขา Central พัทยา | B13: 76 | C13: 40860 | D13: 193 | E13: 99782 | F13: 107 | G13: 55048 | H13: 180 | I13: 109652 | J13: 118 | K13: 66050 | L13: 181 | M13: 102806 | N13: 104 | O13: 52144 | P13: 224 | Q13: 131586 | R13: 69 | S13: 33940 | AB13: =B13+F13+J13+N13+R13+V13 -> 474 | AC13: =C13+G13+K13+O13+S13+W13 -> 248042 | AD13: =D13+H13+L13+P13+T13+X13 -> 778 | AE13: =E13+I13+M13+Q13+U13+Y13 -> 443826
A14: Yuedpao สาขา Central ปิ่นเกล้า | B14: 189 | C14: 93749 | D14: 464 | E14: 214888.5 | F14: 372 | G14: 170233 | H14: 567 | I14: 250980 | J14: 425 | K14: 190074 | L14: 548 | M14: 250706 | N14: 342 | O14: 170613 | P14: 586 | Q14: 288763 | R14: 244 | S14: 107377 | AB14: =B14+F14+J14+N14+R14+V14 -> 1572 | AC14: =C14+G14+K14+O14+S14+W14 -> 732046 | AD14: =D14+H14+L14+P14+T14+X14 -> 2165 | AE14: =E14+I14+M14+Q14+U14+Y14 -> 1005337.5
A15: Yuedpao สาขา I am China Town | B15: 28 | C15: 14260 | D15: 110 | E15: 45142 | F15: 66 | G15: 32974 | H15: 163 | I15: 74857 | J15: 79 | K15: 37696.54 | L15: 199 | M15: 87520 | N15: 78 | O15: 37466 | P15: 108 | Q15: 47295 | R15: 39 | S15: 19550 | AB15: =B15+F15+J15+N15+R15+V15 -> 290 | AC15: =C15+G15+K15+O15+S15+W15 -> 141946.54 | AD15: =D15+H15+L15+P15+T15+X15 -> 580 | AE15: =E15+I15+M15+Q15+U15+Y15 -> 254814
A16: Yuedpao สาขา Robinson ชลบุรี | B16: 102 | C16: 45178 | D16: 250 | E16: 120319 | F16: 224 | G16: 104580 | H16: 284 | I16: 129267 | J16: 276 | K16: 126033 | L16: 279 | M16: 122543.51 | N16: 207 | O16: 98598 | P16: 286 | Q16: 129850 | R16: 105 | S16: 44328 | AB16: =B16+F16+J16+N16+R16+V16 -> 914 | AC16: =C16+G16+K16+O16+S16+W16 -> 418717 | AD16: =D16+H16+L16+P16+T16+X16 -> 1099 | AE16: =E16+I16+M16+Q16+U16+Y16 -> 501979.51
A17: Yuedpao สาขา Big C อำนาจเจริญ | B17: 30 | C17: 12194 | D17: 113 | E17: 61171 | F17: 87 | G17: 45344 | H17: 119 | I17: 62352 | J17: 84 | K17: 47080 | L17: 92 | M17: 48422.5 | N17: 74 | O17: 41364 | P17: 109 | Q17: 51922 | R17: 34 | S17: 14180 | AB17: =B17+F17+J17+N17+R17+V17 -> 309 | AC17: =C17+G17+K17+O17+S17+W17 -> 160162 | AD17: =D17+H17+L17+P17+T17+X17 -> 433 | AE17: =E17+I17+M17+Q17+U17+Y17 -> 223867.5
A18: Yuedpao สาขา Robinson แม่สอด | B18: 51 | C18: 27580 | D18: 184 | E18: 105458 | F18: 135 | G18: 72200 | H18: 219 | I18: 131411 | J18: 171 | K18: 88686 | L18: 243 | M18: 129621 | N18: 104 | O18: 56930.5 | P18: 222 | Q18: 118149.5 | R18: 79 | S18: 40545 | AB18: =B18+F18+J18+N18+R18+V18 -> 540 | AC18: =C18+G18+K18+O18+S18+W18 -> 285941.5 | AD18: =D18+H18+L18+P18+T18+X18 -> 868 | AE18: =E18+I18+M18+Q18+U18+Y18 -> 484639.5
A19: Yuedpao สาขา Sermthai Complex มหาสารคาม | B19: 90 | C19: 34551 | D19: 203 | E19: 109560 | F19: 197 | G19: 90880 | H19: 273 | I19: 121334 | J19: 185 | K19: 86512 | L19: 219 | M19: 107842 | N19: 140 | O19: 64387 | P19: 291 | Q19: 120368 | R19: 107 | S19: 44960 | AB19: =B19+F19+J19+N19+R19+V19 -> 719 | AC19: =C19+G19+K19+O19+S19+W19 -> 321290 | AD19: =D19+H19+L19+P19+T19+X19 -> 986 | AE19: =E19+I19+M19+Q19+U19+Y19 -> 459104
A20: TOTAL | B20: =SUM(B4:B18) -> 1465 | C20: =SUM(C4:C18) -> 729062 | D20: =SUM(D4:D19) -> 3982 | E20: =SUM(E4:E19) -> 1869936.5 | F20: =SUM(F4:F19) -> 3081 | G20: =SUM(G4:G19) -> 1503766 | H20: =SUM(H4:H19) -> 4651 | I20: =SUM(I4:I19) -> 2257622.5 | J20: =SUM(J4:J19) -> 3469 | K20: =SUM(K4:K19) -> 1679681 | ... AE20: =SUM(AE4:AE19) -> 8724788.7
T21: AVL SALE TO DAY | AB21: =AC20/8 -> 794895.07 | AD21: =AE20/20 -> 436239.44
AB22: =AC20/AB20 -> 490.33546 | AD22: =AE20/AD20 -> 480.96961

Sheet MANPOWER
A1: NO | B1: สาขา | C1: SALE OUT FEB 2025 | G1: Employee | J1: REMARK
G2: STAFF | I2: Part-time
C3: TARGET | D3: SALE | E3: %
A4: 1 | B4: Yuedpao สาขา Mega บางนา | C4: =Report!C44 -> 900000 | D4: =Report!D44 -> 982007.5 | E4: =D4/C4 -> 1.0911194 | F4: 3 | G4: 3 | I4: - | J4: มา ส-อา และวันที่พนักงานประจำหยุด
A5: 2 | B5: Yuedpao สาขา The Mall โคราช | C5: =Report!C45 -> 750000 | D5: =Report!D45 -> 784810.5 | E5: =D5/C5 -> 1.046414 | F5: 3 | G5: 3 | H5: =G5-F5 -> 0 | I5: 1 | J5: มา ส-อา และวันที่พนักงานประจำหยุด
A6: 3 | B6: Yuedpao สาขา SIAM SQUARE | C6: =Report!C46 -> 950000 | D6: =Report!D46 -> 973986.2 | E6: =D6/C6 -> 1.0252486 | F6: 4 | G6: 3 | H6: =G6-F6 -> -1 | I6: 4 | J6: มา ส-อา และวันที่พนักงานประจำหยุด
A7: 4 | B7: Yuedpao สาขา Central ระยอง | C7: =Report!C47 -> 1000000 | D7: =Report!D47 -> 1286829.5 | E7: =D7/C7 -> 1.2868295 | F7: 3 | G7: 3 | I7: 1 | J7: มา ส-อา และวันที่พนักงานประจำหยุด
A8: 5 | B8: Yuedpao สาขา Central โคราช | C8: =Report!C48 -> 500000 | D8: =Report!D48 -> 610704.5 | E8: =D8/C8 -> 1.221409 | F8: 2 | G8: 2 | H8: =G8-F8 -> 0 | I8: 1 | J8: มา ส-อา และวันที่พนักงานประจำหยุด
A9: 6 | B9: Yuedpao สาขา Robinson บุรีรัมย์ | C9: =Report!C49 -> 500000 | D9: =Report!D49 -> 575938 | E9: =D9/C9 -> 1.151876 | F9: 2 | G9: 2 | H9: =G9-F9 -> 0 | I9: 1 | J9: มา ส-อา และวันที่พนักงานประจำหยุด
A10: 7 | B10: Yuedpao สาขา MAYA เชียงใหม่ | C10: =Report!C50 -> 1000000 | D10: =Report!D50 -> 1221787.5 | E10: =D10/C10 -> 1.2217875 | F10: 4 | G10: 3 | H10: =G10-F10 -> -1 | I10: 2 | J10: มา ส-อา และวันที่พนักงานประจำหยุด
A11: 8 | B11: Yuedpao สาขา Future Park Rangsit ชั้น 3 | C11: =Report!C51 -> 2200000 | D11: =Report!D51 -> 1807232 | E11: =D11/C11 -> 0.82146909 | F11: 5 | G11: 4 | H11: =G11-F11 -> -1 | I11: 3 | J11: มา ส-อา และวันที่พนักงานประจำหยุด
A12: 9 | B12: Yuedpao สาขา Central Festival เชียงใหม่ | C12: =Report!C52 -> 1200000 | D12: =Report!D52 -> 1159000.5 | E12: =D12/C12 -> 0.96583375 | F12: 2 | G12: 2 | H12: =G12-F12 -> 0 | I12: 1 | J12: มา ส-อา และวันที่พนักงานประจำหยุด
A13: 10 | B13: Yuedpao สาขา Central พัทยา | C13: =Report!C53 -> 600000 | D13: =Report!D53 -> 691868 | E13: =D13/C13 -> 1.1531133 | F13: 2 | G13: 2 | H13: =G13-F13 -> 0 | I13: 1 | J13: มา ส-อา และวันที่พนักงานประจำหยุด
A14: 11 | B14: Yuedpao สาขา Central ปิ่นเกล้า | C14: =Report!C54 -> 1800000 | D14: =Report!D54 -> 1737483.5 | E14: =D14/C14 -> 0.96526861 | F14: 4 | G14: 3 | H14: =G14-F14 -> -1 | I14: 2 | J14: มา ส-อา และวันที่พนักงานประจำหยุด
A15: 12 | B15: Yuedpao สาขา I am China Town | C15: =Report!C55 -> 350000 | D15: =Report!D55 -> 396760.54 | E15: =D15/C15 -> 1.1336015 | F15: 2 | G15: 2 | I15: 1 | J15: มา ส-อา และวันที่พนักงานประจำหยุด
A16: 13 | B16: Yuedpao สาขา Robinson ชลบุรี | C16: =Report!C56 -> 800000 | D16: =Report!D56 -> 920696.51 | E16: =D16/C16 -> 1.1508706 | F16: 3 | G16: 3 | I16: 1 | J16: มาวันนักขัติฯ
A17: 14 | B17: Yuedpao สาขา Big C อำนาจเจริญ | C17: =Report!C57 -> 550000 | D17: =Report!D57 -> 384029.5 | E17: =D17/C17 -> 0.69823545 | F17: 2 | G17: 2 | H17: =G17-F17 -> 0 | I17: 1 | J17: มา ส-อา และวันที่พนักงานประจำหยุด
A18: 15 | B18: Yuedpao สาขา Robinson แม่สอด | C18: =Report!C58 -> 800000 | D18: =Report!D58 -> 770581 | E18: =D18/C18 -> 0.96322625 | F18: 3 | G18: 2 | H18: =G18-F18 -> -1 | I18: 2 | J18: มา ส-อา และวันที่พนักงานประจำหยุด
A19: 16 | B19: Yuedpao สาขา Sermthai Complex มหาสารคาม | C19: =Report!C59 -> 1000000 | D19: =Report!D59 -> 780394 | E19: =D19/C19 -> 0.780394 | F19: 3 | G19: 3 | I19: 1 | J19: มา ส-อา และวันที่พนักงานประจำหยุด
A20: Group | C20: =SUM(C4:C18) -> 13900000 | D20: =Report!F21 -> 14097298 | E20: =Report!L21 -> 0.94612741 | F20: =SUM(F4:F19) -> 47 | G20: =SUM(G4:G19) -> 42 | H20: =G20-F20 -> -5 | I20: =SUM(I4:I19) -> 23

Sheet STK UPDATE
A1: ชื่อคลัง/สาขา | B1: 24853
A2: Yuedpao สาขา Central ระยอง | B2: 2675000
A3: Yuedpao สาขา Future Park Rangsit ชั้น 3 | B3: 3745000
A4: Yuedpao สาขา Central กระบี่ | B4: 3959000
A5: Yuedpao สาขา Robinson ฉะเชิงเทรา | B5: 2675000
A6: Yuedpao สาขา Central พระราม 9 | B6: 1391000
A7: Yuedpao สาขา Central ลาดพร้าว | B7: 2782000
A8: Yuedpao สาขา Robinson ชลบุรี | B8: 1498000
A9: Yuedpao สาขา BTS หมอชิต | B9: 428000
A10: Yuedpao สาขา Central เวสต์เกต | B10: 4066000
A11: Yuedpao สาขา Central หาดใหญ่ | B11: 3959000
A12: Yuedpao สาขา Central นครศรีธรรมราช | B12: 2140000
... A81: Yuedpao สาขา Big C ราชดำริ | B81: 1070000
A82: Yuedpao สาขา Robinson กาญจนบุรี

Sheet งานประจำสัปดาห์
B2: งานประจำสัปดาห์ | C2: ระดับความมั่นใจ OKRs
C3: เขียน OKRs แต่ละตัวที่โฟกัสพร้อมให้คะแนน
B4: Set up BTS สยาม 30/09 | C4: Object 1 : สร้างลูกค้าใหม่ให้แฮปปี้สู่ลกค้า Loyalty ประจำแบรนด์
B5: ประชุม Shop 2/10 | C5: KR 1 : ลูกค้าสมาชิก Yuedpao กลับมาใช้บริการ 20% จากลูกค้าทั้งหมด ( 8:10 )
B6: Visit Shop ตจว | C6: KR 2 : ความพึงพอใจจากลูกค้าจะต้องมากกว่า 95% ทุกหัวข้อจากแบบประเมิน | I6: แพลนของเดือน Sep 2024
B7: ประชุมกับสาขาที่ยังทำ Palexy ที่ยังไม่ผ่านครบทุกหัวข้อ | C7: KR 3 : ทุกสาขาจะต้องมีลูกค้าทำแบบประเมิน 10% จากจำนวน INV | I7: วางแผนสร้างยอดขายให้ถึง Targrt ที่ตั่งไว้
C8: Object 2 : SALE Yuedpao สุดปัง ต้อนรับมังกรทอง | I8: ยอดขาย AVL Sale ผ่านทุกสาขา
C9: KR 1 : : สร้างยอดขายสุดปังให้บรรลุ 100% ในไตรมาส | I9: เป้าหมาย Conversion Rate ให้ได้มากกว่า 35%
C10: KR 2 : ยอดขายต่อบิลทุกสาขาเพิ่มขึ้น 20%
C11: KR 3 : ยอดขายเฉลี่ยต่อสาขา 1,000,000 บาทต่อ/เดือน
C12: KR4 : ผลักดันปรับสัดส่วนการขาย High Value ต่อเนื่อง 70:30
B14: งานที่กำลังจะเกิดขึ้นภายในเดือน | C14: ตัววัดด้านสุขภาพ (สุขภาพของทีมงานและลูกค้า )

Sheet Target ปี 2026
A1: NO | B1: SHOP | C1: TARGET FEB 2026
A2: 1 | B2: Yuedpao สาขา Central หาดใหญ่ | C2: 2200000
A3: 2 | B3: Yuedpao สาขา Central เวสต์เกต | C3: 2000000
A4: 3 | B4: Yuedpao สาขา Future Park Rangsit (Flagship store) | C4: 1900000
A5: 4 | B5: Yuedpao สาขา Fashion Island | C5: 1800000
A6: 5 | B6: Yuedpao สาขา Central ปิ่นเกล้า | C6: 1800000
A7: 6 | B7: Yuedpao สาขา Central ลาดพร้าว | C7: 1800000
A8: 7 | B8: Yuedpao สาขา Future Park Rangsit ชั้น 3 | C8: 2200000
A9: 8 | B9: Yuedpao สาขา Robinson บ่อวิน | C9: 1400000
A10: 9 | B10: Yuedpao สาขา Central กระบี่ | C10: 1900000
A11: 10 | B11: Yuedpao สาขา The Mall บางกะปิ | C11: 1400000
A12: 11 | B12: Yuedpao สาขา Central อุบลราชธานี | C12: 1300000
A13: 12 | B13: Yuedpao สาขา Central พระราม 2 | C13: 1500000
... A83: 82 | B83: Yuedpao สาขา Sahathai สุราษฎร์ธานี | C83: 1300000

Sheet Group Area
A1: SALE YUEDPAO ALL SHOP SEP 2024
A3: GENG | C3: MIX | D3: BOOM | E3: MIX | F3: BEN | G3: MIX | H3: Namkhang | I3: MIX | J3: PIM | K3: MIX | L3: REMARK
A5: GROUP 1 | D5: GROUP 2 | F5: GROUP 3 | H5: GROUP 4 | J5: GROUP 5
A6: 1 | B6: Yuedpao สาขา Future Park Rangsit (Flagship store) | C6: =VLOOKUP(B6,'[1]ใส่ยอดขาย '!$B$6:$AA$86,26,0) -> 0.028797645 | D6: Yuedpao สาขา The Mall บางแค | E6: =VLOOKUP(D6,'[1]ใส่ยอดขาย '!$B$6:$AA$85,26,0) -> 0.015958012 | F6: Yuedpao สาขา Fashion Island | G6: =VLOOKUP(F6,'[1]ใส่ยอดขาย '!$B$6:$AA$84,26,0) -> 0.027359316 | H6: Yuedpao สาขา Central ลาดพร้าว | I6: =VLOOKUP(H6,'[1]ใส่ยอดขาย '!$B$6:$AA$82,26,0) -> 0.027799587 | J6: Yuedpao สาขา Imperial World สำโรง | K6: =VLOOKUP(J6,'[1]ใส่ยอดขาย '!$B$6:$AA$83,26,0) -> 0.017234225 | M6: 2 | N6: 60000
A7: 2 | B7: Yuedpao สาขา จตุจักรโครงการ 28 | C7: =VLOOKUP(B7,'[1]ใส่ยอดขาย '!$B$6:$AA$86,26,0) -> 0.013974631 | D7: Yuedpao สาขา Central พัทยา | E7: =VLOOKUP(D7,'[1]ใส่ยอดขาย '!$B$6:$AA$85,26,0) -> 0.030278456 | F7: Yuedpao สาขา The Mall บางกะปิ | G7: =VLOOKUP(F7,'[1]ใส่ยอดขาย '!$B$6:$AA$84,26,0) -> 0.018152468 | H7: Yuedpao สาขา The Mall ท่าพระ | I7: =VLOOKUP(H7,'[1]ใส่ยอดขาย '!$B$6:$AA$82,26,0) -> 0.0091367358 | J7: Yuedpao สาขา Market Village สุวรรณภูมิ | K7: =VLOOKUP(J7,'[1]ใส่ยอดขาย '!$B$6:$AA$83,26,0) -> 0.0060099732 | M7: 3 | N7: 60000
A8: 3 | B8: Yuedpao สาขา Central ขอนแก่น | C8: =VLOOKUP(B8,'[1]ใส่ยอดขาย '!$B$6:$AA$86,26,0) -> 0.02308771 | D8: Yuedpao สาขา Central เวสต์เกต | E8: =VLOOKUP(D8,'[1]ใส่ยอดขาย '!$B$6:$AA$85,26,0) -> 0.033865215 | F8: Yuedpao สาขา Central อุบลราชธานี | G8: =VLOOKUP(F8,'[1]ใส่ยอดขาย '!$B$6:$AA$84,26,0) -> 0.022291826 | H8: Yuedpao สาขา Robinson ราชพฤกษ์ | I8: =VLOOKUP(H8,'[1]ใส่ยอดขาย '!$B$6:$AA$82,26,0) -> 0.0065043021 | J8: Yuedpao สาขา Central พระราม 9 | K8: =VLOOKUP(J8,'[1]ใส่ยอดขาย '!$B$6:$AA$83,26,0) -> 0.012190682 | M8: 1 | N8: 50000
A9: 4 | B9: Yuedpao สาขา Robinson บ่อวิน | C9: =VLOOKUP(B9,'[1]ใส่ยอดขาย '!$B$6:$AA$86,26,0) -> 0.022282557 | D9: Yuedpao สาขา Central สุราษฎร์ธานี | E9: =VLOOKUP(D9,'[1]ใส่ยอดขาย '!$B$6:$AA$85,26,0) -> 0.020901898 | F9: Yuedpao สาขา Central Festival เชียงใหม่ | G9: =VLOOKUP(F9,'[1]ใส่ยอดขาย '!$B$6:$AA$84,26,0) -> 0.013118015 | H9: Yuedpao สาขา Central พระราม 3 | I9: =VLOOKUP(H9,'[1]ใส่ยอดขาย '!$B$6:$AA$82,26,0) -> 0.0082336303 | J9: Yuedpao สาขา Robinson ลาดกระบัง | K9: =VLOOKUP(J9,'[1]ใส่ยอดขาย '!$B$6:$AA$83,26,0) -> 0.010326645 | M9: 10 | N9: 50000
A10: 5 | B10: Yuedpao สาขา Central หาดใหญ่ | C10: =VLOOKUP(B10,'[1]ใส่ยอดขาย '!$B$6:$AA$86,26,0) -> 0.022286824 | D10: Yuedpao สาขา Central นครศรีธรรมราช | E10: =VLOOKUP(D10,'[1]ใส่ยอดขาย '!$B$6:$AA$85,26,0) -> 0.01882632 | F10: Yuedpao สาขา Central จันทบุรี | G10: =VLOOKUP(F10,'[1]ใส่ยอดขาย '!$B$6:$AA$84,26,0) -> 0.014567128 | H10: Yuedpao สาขา The Street รัชดา | I10: =VLOOKUP(H10,'[1]ใส่ยอดขาย '!$B$6:$AA$82,26,0) -> 0.0078627239 | J10: Yuedpao สาขา Mega บางนา | K10: =VLOOKUP(J10,'[1]ใส่ยอดขาย '!$B$6:$AA$83,26,0) -> 0.014216772 | M10: 2 | N10: เบน
A11: 6 | B11: Yuedpao สาขา BTS หมอชิต | C11: =VLOOKUP(B11,'[1]ใส่ยอดขาย '!$B$6:$AA$86,26,0) -> 0.0027322673 | D11: Yuedpao สาขา BTS สยาม | E11: =VLOOKUP(D11,'[1]ใส่ยอดขาย '!$B$6:$AA$85,26,0) -> 0.0028810935 | F11: Yuedpao สาขา Central เชียงใหม่แอร์พอร์ต | G11: =VLOOKUP(F11,'[1]ใส่ยอดขาย '!$B$6:$AA$84,26,0) -> 0.012733751 | I11: =SUM(I6:I10) -> 0.059536979 | K11: =SUM(K6:K10) -> 0.059978297 | M11: 3 | N11: เก่ง
A12: 7 | B12: Yuedpao สาขา Central พิษณุโลก | C12: =VLOOKUP(B12,'[1]ใส่ยอดขาย '!$B$6:$AA$86,26,0) -> 0.018636229 | D12: Yuedpao สาขา Robinson ภูเก็ต | E12: =VLOOKUP(D12,'[1]ใส่ยอดขาย '!$B$6:$AA$85,26,0) -> 0.016472041 | F12: Yuedpao สาขา Central ระยอง | G12: =VLOOKUP(F12,'[1]ใส่ยอดขาย '!$B$6:$AA$84,26,0) -> 0.016746667 | M12: 15 | N12: 30000
A13: 8 | B13: Yuedpao สาขา Central อุดรธานี | C13: =VLOOKUP(B13,'[1]ใส่ยอดขาย '!$B$6:$AA$86,26,0) -> 0.010666246 | D13: Yuedpao สาขา Central ชลบุรี | E13: =VLOOKUP(D13,'[1]ใส่ยอดขาย '!$B$6:$AA$85,26,0) -> 0.011383436 | F13: Yuedpao สาขา SIAM SQUARE | G13: =VLOOKUP(F13,'[1]ใส่ยอดขาย '!$B$6:$AA$84,26,0) -> 0.015594381 | M13: 9 | N13: 20000
A14: 9 | B14: Yuedpao สาขา Central พระราม 2 | C14: =VLOOKUP(B14,'[1]ใส่ยอดขาย '!$B$6:$AA$86,26,0) -> 0.017710417 | D14: Yuedpao สาขา Central ภูเก็ต | E14: =VLOOKUP(D14,'[1]ใส่ยอดขาย '!$B$6:$AA$85,26,0) -> 0.016192441 | F14: Yuedpao สาขา Central เชียงราย | G14: =VLOOKUP(F14,'[1]ใส่ยอดขาย '!$B$6:$AA$84,26,0) -> 0.013744637 | M14: 14 | N14: 20000
A15: 10 | B15: Yuedpao สาขา Central ลำปาง | C15: =VLOOKUP(B15,'[1]ใส่ยอดขาย '!$B$6:$AA$86,26,0) -> 0.012321497 | D15: Yuedpao สาขา Central World | E15: =VLOOKUP(D15,'[1]ใส่ยอดขาย '!$B$6:$AA$85,26,0) -> 0.0094173434 | F15: Yuedpao สาขา Central รามอินทรา | G15: =VLOOKUP(F15,'[1]ใส่ยอดขาย '!$B$6:$AA$84,26,0) -> 0.007774937 | M15: 11 | N15: 20000
A16: 11 | B16: Yuedpao สาขา The Mall โคราช | C16: =VLOOKUP(B16,'[1]ใส่ยอดขาย '!$B$6:$AA$86,26,0) -> 0.010128788 | D16: Yuedpao สาขา Central สมุย | E16: =VLOOKUP(D16,'[1]ใส่ยอดขาย '!$B$6:$AA$85,26,0) -> 0.013508125 | F16: Yuedpao สาขา The Mall งามวงศ์วาน | G16: =VLOOKUP(F16,'[1]ใส่ยอดขาย '!$B$6:$AA$84,26,0) -> 0.020098845 | M16: 13 | N16: 20000
A17: 12 | B17: Yuedpao สาขา Central มหาชัย | C17: =VLOOKUP(B17,'[1]ใส่ยอดขาย '!$B$6:$AA$86,26,0) -> 0.011234904 | D17: Yuedpao สาขา จตุจักรโครงการ 22 ริมถนน | E17: =VLOOKUP(D17,'[1]ใส่ยอดขาย '!$B$6:$AA$85,26,0) -> 0.010556886 | F17: Yuedpao สาขา Central ศาลายา | G17: =VLOOKUP(F17,'[1]ใส่ยอดขาย '!$B$6:$AA$84,26,0) -> 0.016325056 | M17: 8 | N17: เก่ง
A18: 13 | B18: Yuedpao สาขา Central อยุธยา | C18: =VLOOKUP(B18,'[1]ใส่ยอดขาย '!$B$6:$AA$86,26,0) -> 0.014672214 | D18: Yuedpao สาขา Robinson ฉลอง ภูเก็ต | E18: =VLOOKUP(D18,'[1]ใส่ยอดขาย '!$B$6:$AA$85,26,0) -> 0.0056225679 | F18: Yuedpao สาขา Central นครปฐม | G18: =VLOOKUP(F18,'[1]ใส่ยอดขาย '!$B$6:$AA$84,26,0) -> 0.017152302 | M18: 4 | N18: 20000
A19: 14 | B19: Yuedpao สาขา Central ศรีราชา | C19: =VLOOKUP(B19,'[1]ใส่ยอดขาย '!$B$6:$AA$86,26,0) -> 0.011116229 | D19: Yuedpao สาขา Robinson สุพรรณบุรี | E19: =VLOOKUP(D19,'[1]ใส่ยอดขาย '!$B$6:$AA$85,26,0) -> 0.0098041858 | F19: Yuedpao สาขา Central นครสวรรค์ | G19: =VLOOKUP(F19,'[1]ใส่ยอดขาย '!$B$6:$AA$84,26,0) -> 0.017375717 | M19: 6 | N19: 20000
A20: 15 | B20: Yuedpao สาขา Robinson ฉะเชิงเทรา | C20: =VLOOKUP(B20,'[1]ใส่ยอดขาย '!$B$6:$AA$86,26,0) -> 0.013005563 | D20: Yuedpao สาขา Robinson ลพบุรี | E20: =VLOOKUP(D20,'[1]ใส่ยอดขาย '!$B$6:$AA$85,26,0) -> 0.013313079 | F20: Yuedpao สาขา Central ปิ่นเกล้า | G20: =VLOOKUP(F20,'[1]ใส่ยอดขาย '!$B$6:$AA$84,26,0) -> 0.01419698 | M20: 5 | N20: 20000
A21: 16 | B21: Yuedpao สาขา Passione Shopping Destination ระยอง | C21: =VLOOKUP(B21,'[1]ใส่ยอดขาย '!$B$6:$AA$86,26,0) -> 0.0098455255 | D21: Yuedpao สาขา Robinson ปราจีนบุรี | E21: =VLOOKUP(D21,'[1]ใส่ยอดขาย '!$B$6:$AA$85,26,0) -> 0.01645676 | F21: Yuedpao สาขา Robinson บุรีรัมย์ | G21: =VLOOKUP(F21,'[1]ใส่ยอดขาย '!$B$6:$AA$84,26,0) -> 0.0067652269 | M21: 11 | N21: เบน
A22: 17 | B22: Yuedpao สาขา Central โคราช | C22: =VLOOKUP(B22,'[1]ใส่ยอดขาย '!$B$6:$AA$86,26,0) -> 0.0065150382 | D22: Yuedpao สาขา BigC ยะลา | E22: =VLOOKUP(D22,'[1]ใส่ยอดขาย '!$B$6:$AA$85,26,0) -> 0.0076117624 | F22: Yuedpao สาขา MAYA เชียงใหม่ | G22: =VLOOKUP(F22,'[1]ใส่ยอดขาย '!$B$6:$AA$84,26,0) -> 0.016152924 | M22: 9 | N22: เก่ง
A23: 18 | B23: Yuedpao สาขา Seacon Square ศรีนครินทร์ | C23: =VLOOKUP(B23,'[1]ใส่ยอดขาย '!$B$6:$AA$86,26,0) -> 0.014030226 | D23: Yuedpao สาขา Future Park Rangsit ชั้น 3 | E23: =VLOOKUP(D23,'[1]ใส่ยอดขาย '!$B$6:$AA$85,26,0) -> 0.028699601 | F23: Yuedpao สาขา Robinson บ้านฉาง | G23: =VLOOKUP(F23,'[1]ใส่ยอดขาย '!$B$6:$AA$84,26,0) -> 0.0070934187 | M23: 12 | N23: 10000
C24: 0.2816 | E24: =SUM(E6:E23) -> 0.28174922 | G24: =SUM(G6:G23) -> 0.2772436 | L24: OPEN 8 APR'24 | M24: 16 | N24: 10000
L25: OPEN 1 APR'24 | M25: 7 | N25: 20000

Sheet สาขา
A1: Yuedpao สาขา Fashion Island
A2: Yuedpao สาขา Central อุบลราชธานี
A3: Yuedpao สาขา SIAM SQUARE
A4: Yuedpao สาขา Central นครปฐม
A5: Yuedpao สาขา The Mall โคราช
A6: Yuedpao สาขา Central โคราช
A7: Yuedpao สาขา Central เชียงราย
A8: Yuedpao สาขา Robinson บ้านฉาง
A9: Yuedpao สาขา จตุจักรโครงการ 28
A10: Yuedpao สาขา Robinson ปราจีนบุรี
A11: Yuedpao สาขา Central เชียงใหม่แอร์พอร์ต
A12: Yuedpao สาขา Central Festival เชียงใหม่
... A14: Yuedpao สาขา Central ปิ่นเกล้า
